code,code_spaced,display_code,hazardous,entry_type,entry_type_label,requires_mirror_assessment,description,note,chapter_code,chapter_title,subchapter_code,subchapter_title,named_mirror_partner_codes
010101,01 01 01,01 01 01,false,AN,absolute non-hazardous,false,wastes from mineral metalliferous excavation,,01,"Wastes resulting from exploration, mining, quarrying, and physical and chemical treatment of minerals",0101,wastes from mineral excavation,
010102,01 01 02,01 01 02,false,AN,absolute non-hazardous,false,wastes from mineral non-metalliferous excavation,,01,"Wastes resulting from exploration, mining, quarrying, and physical and chemical treatment of minerals",0101,wastes from mineral excavation,
010304,01 03 04,01 03 04*,true,AH,absolute hazardous,false,acid-generating tailings from processing of sulphide ore,,01,"Wastes resulting from exploration, mining, quarrying, and physical and chemical treatment of minerals",0103,wastes from physical and chemical processing of metalliferous minerals,
010305,01 03 05,01 03 05*,true,MH,mirror hazardous,true,other tailings containing hazardous substances,,01,"Wastes resulting from exploration, mining, quarrying, and physical and chemical treatment of minerals",0103,wastes from physical and chemical processing of metalliferous minerals,010306
010306,01 03 06,01 03 06,false,MN,mirror non-hazardous,true,tailings other than those mentioned in 01 03 04 and 01 03 05,,01,"Wastes resulting from exploration, mining, quarrying, and physical and chemical treatment of minerals",0103,wastes from physical and chemical processing of metalliferous minerals,010305
010307,01 03 07,01 03 07*,true,MH,mirror hazardous,true,other wastes containing hazardous substances from physical and chemical processing of metalliferous minerals,,01,"Wastes resulting from exploration, mining, quarrying, and physical and chemical treatment of minerals",0103,wastes from physical and chemical processing of metalliferous minerals,010308
010308,01 03 08,01 03 08,false,MN,mirror non-hazardous,true,dusty and powdery wastes other than those mentioned in 01 03 07,,01,"Wastes resulting from exploration, mining, quarrying, and physical and chemical treatment of minerals",0103,wastes from physical and chemical processing of metalliferous minerals,010307
010309,01 03 09,01 03 09,false,MN,mirror non-hazardous,true,red mud from alumina production other than the wastes mentioned in 01 03 10,,01,"Wastes resulting from exploration, mining, quarrying, and physical and chemical treatment of minerals",0103,wastes from physical and chemical processing of metalliferous minerals,010310
010310,01 03 10,01 03 10*,true,MH,mirror hazardous,true,red mud from alumina production containing hazardous substances other than the wastes mentioned in 01 03 07,,01,"Wastes resulting from exploration, mining, quarrying, and physical and chemical treatment of minerals",0103,wastes from physical and chemical processing of metalliferous minerals,010309
010399,01 03 99,01 03 99,false,MN,mirror non-hazardous,true,wastes not otherwise specified,,01,"Wastes resulting from exploration, mining, quarrying, and physical and chemical treatment of minerals",0103,wastes from physical and chemical processing of metalliferous minerals,
010407,01 04 07,01 04 07*,true,MH,mirror hazardous,true,wastes containing hazardous substances from physical and chemical processing of non-metalliferous minerals,,01,"Wastes resulting from exploration, mining, quarrying, and physical and chemical treatment of minerals",0104,wastes from physical and chemical processing of non-metalliferous minerals,010408;010410;010411;010412;010413
010408,01 04 08,01 04 08,false,MN,mirror non-hazardous,true,waste gravel and crushed rocks other than those mentioned in 01 04 07,,01,"Wastes resulting from exploration, mining, quarrying, and physical and chemical treatment of minerals",0104,wastes from physical and chemical processing of non-metalliferous minerals,010407
010409,01 04 09,01 04 09,false,AN,absolute non-hazardous,false,waste sand and clays,,01,"Wastes resulting from exploration, mining, quarrying, and physical and chemical treatment of minerals",0104,wastes from physical and chemical processing of non-metalliferous minerals,
010410,01 04 10,01 04 10,false,MN,mirror non-hazardous,true,dusty and powdery wastes other than those mentioned in 01 04 07,,01,"Wastes resulting from exploration, mining, quarrying, and physical and chemical treatment of minerals",0104,wastes from physical and chemical processing of non-metalliferous minerals,010407
010411,01 04 11,01 04 11,false,MN,mirror non-hazardous,true,wastes from potash and rock salt processing other than those mentioned in 01 04 07,,01,"Wastes resulting from exploration, mining, quarrying, and physical and chemical treatment of minerals",0104,wastes from physical and chemical processing of non-metalliferous minerals,010407
010412,01 04 12,01 04 12,false,MN,mirror non-hazardous,true,tailings and other wastes from washing and cleaning of minerals other than those mentioned in 01 04 07 and 01 04 11,,01,"Wastes resulting from exploration, mining, quarrying, and physical and chemical treatment of minerals",0104,wastes from physical and chemical processing of non-metalliferous minerals,010407
010413,01 04 13,01 04 13,false,MN,mirror non-hazardous,true,wastes from stone cutting and sawing other than those mentioned in 01 04 07,,01,"Wastes resulting from exploration, mining, quarrying, and physical and chemical treatment of minerals",0104,wastes from physical and chemical processing of non-metalliferous minerals,010407
010499,01 04 99,01 04 99,false,MN,mirror non-hazardous,true,wastes not otherwise specified,,01,"Wastes resulting from exploration, mining, quarrying, and physical and chemical treatment of minerals",0104,wastes from physical and chemical processing of non-metalliferous minerals,
010504,01 05 04,01 05 04,false,AN,absolute non-hazardous,false,freshwater drilling muds and wastes,,01,"Wastes resulting from exploration, mining, quarrying, and physical and chemical treatment of minerals",0105,drilling muds and other drilling wastes,
010505,01 05 05,01 05 05*,true,AH,absolute hazardous,false,oil-containing drilling muds and wastes,,01,"Wastes resulting from exploration, mining, quarrying, and physical and chemical treatment of minerals",0105,drilling muds and other drilling wastes,
010506,01 05 06,01 05 06*,true,MH,mirror hazardous,true,drilling muds and other drilling wastes containing hazardous substances,,01,"Wastes resulting from exploration, mining, quarrying, and physical and chemical treatment of minerals",0105,drilling muds and other drilling wastes,010507;010508
010507,01 05 07,01 05 07,false,MN,mirror non-hazardous,true,barite-containing drilling muds and wastes other than those mentioned in 01 05 05 and 01 05 06,,01,"Wastes resulting from exploration, mining, quarrying, and physical and chemical treatment of minerals",0105,drilling muds and other drilling wastes,010506
010508,01 05 08,01 05 08,false,MN,mirror non-hazardous,true,chloride-containing drilling muds and wastes other than those mentioned in 01 05 05 and 01 05 06,,01,"Wastes resulting from exploration, mining, quarrying, and physical and chemical treatment of minerals",0105,drilling muds and other drilling wastes,010506
010599,01 05 99,01 05 99,false,MN,mirror non-hazardous,true,wastes not otherwise specified,,01,"Wastes resulting from exploration, mining, quarrying, and physical and chemical treatment of minerals",0105,drilling muds and other drilling wastes,
020101,02 01 01,02 01 01,false,AN,absolute non-hazardous,false,sludges from washing and cleaning,,02,"Wastes from agriculture, horticulture, aquaculture, forestry, hunting and fishing, food preparation and processing",0201,"wastes from agriculture, horticulture, aquaculture, forestry, hunting and fishing",
020102,02 01 02,02 01 02,false,AN,absolute non-hazardous,false,animal-tissue waste,,02,"Wastes from agriculture, horticulture, aquaculture, forestry, hunting and fishing, food preparation and processing",0201,"wastes from agriculture, horticulture, aquaculture, forestry, hunting and fishing",
020103,02 01 03,02 01 03,false,AN,absolute non-hazardous,false,plant-tissue waste,,02,"Wastes from agriculture, horticulture, aquaculture, forestry, hunting and fishing, food preparation and processing",0201,"wastes from agriculture, horticulture, aquaculture, forestry, hunting and fishing",
020104,02 01 04,02 01 04,false,AN,absolute non-hazardous,false,waste plastics (except packaging),,02,"Wastes from agriculture, horticulture, aquaculture, forestry, hunting and fishing, food preparation and processing",0201,"wastes from agriculture, horticulture, aquaculture, forestry, hunting and fishing",
020106,02 01 06,02 01 06,false,AN,absolute non-hazardous,false,"animal faeces, urine and manure (including spoiled straw), effluent, collected separately and treated off-site",,02,"Wastes from agriculture, horticulture, aquaculture, forestry, hunting and fishing, food preparation and processing",0201,"wastes from agriculture, horticulture, aquaculture, forestry, hunting and fishing",
020107,02 01 07,02 01 07,false,AN,absolute non-hazardous,false,wastes from forestry,,02,"Wastes from agriculture, horticulture, aquaculture, forestry, hunting and fishing, food preparation and processing",0201,"wastes from agriculture, horticulture, aquaculture, forestry, hunting and fishing",
020108,02 01 08,02 01 08*,true,MH,mirror hazardous,true,agrochemical waste containing hazardous substances,,02,"Wastes from agriculture, horticulture, aquaculture, forestry, hunting and fishing, food preparation and processing",0201,"wastes from agriculture, horticulture, aquaculture, forestry, hunting and fishing",020109
020109,02 01 09,02 01 09,false,MN,mirror non-hazardous,true,agrochemical waste other than those mentioned in 02 01 08,,02,"Wastes from agriculture, horticulture, aquaculture, forestry, hunting and fishing, food preparation and processing",0201,"wastes from agriculture, horticulture, aquaculture, forestry, hunting and fishing",020108
020110,02 01 10,02 01 10,false,AN,absolute non-hazardous,false,waste metal,,02,"Wastes from agriculture, horticulture, aquaculture, forestry, hunting and fishing, food preparation and processing",0201,"wastes from agriculture, horticulture, aquaculture, forestry, hunting and fishing",
020199,02 01 99,02 01 99,false,AN,absolute non-hazardous,false,wastes not otherwise specified,,02,"Wastes from agriculture, horticulture, aquaculture, forestry, hunting and fishing, food preparation and processing",0201,"wastes from agriculture, horticulture, aquaculture, forestry, hunting and fishing",
020201,02 02 01,02 02 01,false,AN,absolute non-hazardous,false,sludges from washing and cleaning,,02,"Wastes from agriculture, horticulture, aquaculture, forestry, hunting and fishing, food preparation and processing",0202,"wastes from the preparation and processing of meat, fish and other foods of animal origin",
020202,02 02 02,02 02 02,false,AN,absolute non-hazardous,false,animal-tissue waste,,02,"Wastes from agriculture, horticulture, aquaculture, forestry, hunting and fishing, food preparation and processing",0202,"wastes from the preparation and processing of meat, fish and other foods of animal origin",
020203,02 02 03,02 02 03,false,AN,absolute non-hazardous,false,materials unsuitable for consumption or processing,,02,"Wastes from agriculture, horticulture, aquaculture, forestry, hunting and fishing, food preparation and processing",0202,"wastes from the preparation and processing of meat, fish and other foods of animal origin",
020204,02 02 04,02 02 04,false,AN,absolute non-hazardous,false,sludges from on-site effluent treatment,,02,"Wastes from agriculture, horticulture, aquaculture, forestry, hunting and fishing, food preparation and processing",0202,"wastes from the preparation and processing of meat, fish and other foods of animal origin",
020299,02 02 99,02 02 99,false,AN,absolute non-hazardous,false,wastes not otherwise specified,,02,"Wastes from agriculture, horticulture, aquaculture, forestry, hunting and fishing, food preparation and processing",0202,"wastes from the preparation and processing of meat, fish and other foods of animal origin",
020301,02 03 01,02 03 01,false,AN,absolute non-hazardous,false,"sludges from washing, cleaning, peeling, centrifuging and separation",,02,"Wastes from agriculture, horticulture, aquaculture, forestry, hunting and fishing, food preparation and processing",0203,"wastes from fruit, vegetables, cereals, edible oils, cocoa, coffee, tea and tobacco preparation and processing; conserve production; yeast and yeast extract production, molasses preparation and fermentation",
020302,02 03 02,02 03 02,false,AN,absolute non-hazardous,false,wastes from preserving agents,,02,"Wastes from agriculture, horticulture, aquaculture, forestry, hunting and fishing, food preparation and processing",0203,"wastes from fruit, vegetables, cereals, edible oils, cocoa, coffee, tea and tobacco preparation and processing; conserve production; yeast and yeast extract production, molasses preparation and fermentation",
020303,02 03 03,02 03 03,false,AN,absolute non-hazardous,false,wastes from solvent extraction,,02,"Wastes from agriculture, horticulture, aquaculture, forestry, hunting and fishing, food preparation and processing",0203,"wastes from fruit, vegetables, cereals, edible oils, cocoa, coffee, tea and tobacco preparation and processing; conserve production; yeast and yeast extract production, molasses preparation and fermentation",
020304,02 03 04,02 03 04,false,AN,absolute non-hazardous,false,materials unsuitable for consumption or processing,,02,"Wastes from agriculture, horticulture, aquaculture, forestry, hunting and fishing, food preparation and processing",0203,"wastes from fruit, vegetables, cereals, edible oils, cocoa, coffee, tea and tobacco preparation and processing; conserve production; yeast and yeast extract production, molasses preparation and fermentation",
020305,02 03 05,02 03 05,false,AN,absolute non-hazardous,false,sludges from on-site effluent treatment,,02,"Wastes from agriculture, horticulture, aquaculture, forestry, hunting and fishing, food preparation and processing",0203,"wastes from fruit, vegetables, cereals, edible oils, cocoa, coffee, tea and tobacco preparation and processing; conserve production; yeast and yeast extract production, molasses preparation and fermentation",
020399,02 03 99,02 03 99,false,AN,absolute non-hazardous,false,wastes not otherwise specified,,02,"Wastes from agriculture, horticulture, aquaculture, forestry, hunting and fishing, food preparation and processing",0203,"wastes from fruit, vegetables, cereals, edible oils, cocoa, coffee, tea and tobacco preparation and processing; conserve production; yeast and yeast extract production, molasses preparation and fermentation",
020401,02 04 01,02 04 01,false,AN,absolute non-hazardous,false,soil from cleaning and washing beet,,02,"Wastes from agriculture, horticulture, aquaculture, forestry, hunting and fishing, food preparation and processing",0204,wastes from sugar processing,
020402,02 04 02,02 04 02,false,AN,absolute non-hazardous,false,off-specification calcium carbonate,,02,"Wastes from agriculture, horticulture, aquaculture, forestry, hunting and fishing, food preparation and processing",0204,wastes from sugar processing,
020403,02 04 03,02 04 03,false,AN,absolute non-hazardous,false,sludges from on-site effluent treatment,,02,"Wastes from agriculture, horticulture, aquaculture, forestry, hunting and fishing, food preparation and processing",0204,wastes from sugar processing,
020499,02 04 99,02 04 99,false,AN,absolute non-hazardous,false,wastes not otherwise specified,,02,"Wastes from agriculture, horticulture, aquaculture, forestry, hunting and fishing, food preparation and processing",0204,wastes from sugar processing,
020501,02 05 01,02 05 01,false,AN,absolute non-hazardous,false,materials unsuitable for consumption or processing,,02,"Wastes from agriculture, horticulture, aquaculture, forestry, hunting and fishing, food preparation and processing",0205,wastes from the dairy products industry,
020502,02 05 02,02 05 02,false,AN,absolute non-hazardous,false,sludges from on-site effluent treatment,,02,"Wastes from agriculture, horticulture, aquaculture, forestry, hunting and fishing, food preparation and processing",0205,wastes from the dairy products industry,
020599,02 05 99,02 05 99,false,AN,absolute non-hazardous,false,wastes not otherwise specified,,02,"Wastes from agriculture, horticulture, aquaculture, forestry, hunting and fishing, food preparation and processing",0205,wastes from the dairy products industry,
020601,02 06 01,02 06 01,false,AN,absolute non-hazardous,false,materials unsuitable for consumption or processing,,02,"Wastes from agriculture, horticulture, aquaculture, forestry, hunting and fishing, food preparation and processing",0206,wastes from the baking and confectionery industry,
020602,02 06 02,02 06 02,false,AN,absolute non-hazardous,false,wastes from preserving agents,,02,"Wastes from agriculture, horticulture, aquaculture, forestry, hunting and fishing, food preparation and processing",0206,wastes from the baking and confectionery industry,
020603,02 06 03,02 06 03,false,AN,absolute non-hazardous,false,sludges from on-site effluent treatment,,02,"Wastes from agriculture, horticulture, aquaculture, forestry, hunting and fishing, food preparation and processing",0206,wastes from the baking and confectionery industry,
020699,02 06 99,02 06 99,false,AN,absolute non-hazardous,false,wastes not otherwise specified,,02,"Wastes from agriculture, horticulture, aquaculture, forestry, hunting and fishing, food preparation and processing",0206,wastes from the baking and confectionery industry,
020701,02 07 01,02 07 01,false,AN,absolute non-hazardous,false,"wastes from washing, cleaning and mechanical reduction of raw materials",,02,"Wastes from agriculture, horticulture, aquaculture, forestry, hunting and fishing, food preparation and processing",0207,"wastes from the production of alcoholic and non-alcoholic beverages (except coffee, tea and cocoa)",
020702,02 07 02,02 07 02,false,AN,absolute non-hazardous,false,wastes from spirits distillation,,02,"Wastes from agriculture, horticulture, aquaculture, forestry, hunting and fishing, food preparation and processing",0207,"wastes from the production of alcoholic and non-alcoholic beverages (except coffee, tea and cocoa)",
020703,02 07 03,02 07 03,false,AN,absolute non-hazardous,false,wastes from chemical treatment,,02,"Wastes from agriculture, horticulture, aquaculture, forestry, hunting and fishing, food preparation and processing",0207,"wastes from the production of alcoholic and non-alcoholic beverages (except coffee, tea and cocoa)",
020704,02 07 04,02 07 04,false,AN,absolute non-hazardous,false,materials unsuitable for consumption or processing,,02,"Wastes from agriculture, horticulture, aquaculture, forestry, hunting and fishing, food preparation and processing",0207,"wastes from the production of alcoholic and non-alcoholic beverages (except coffee, tea and cocoa)",
020705,02 07 05,02 07 05,false,AN,absolute non-hazardous,false,sludges from on-site effluent treatment,,02,"Wastes from agriculture, horticulture, aquaculture, forestry, hunting and fishing, food preparation and processing",0207,"wastes from the production of alcoholic and non-alcoholic beverages (except coffee, tea and cocoa)",
020799,02 07 99,02 07 99,false,AN,absolute non-hazardous,false,wastes not otherwise specified,,02,"Wastes from agriculture, horticulture, aquaculture, forestry, hunting and fishing, food preparation and processing",0207,"wastes from the production of alcoholic and non-alcoholic beverages (except coffee, tea and cocoa)",
030101,03 01 01,03 01 01,false,AN,absolute non-hazardous,false,waste bark and cork,,03,"Wastes from wood processing and the production of panels and furniture, pulp, paper and cardboard",0301,wastes from wood processing and the production of panels and furniture,
030104,03 01 04,03 01 04*,true,MH,mirror hazardous,true,"sawdust, shavings, cuttings, wood, particle board and veneer containing hazardous substances",,03,"Wastes from wood processing and the production of panels and furniture, pulp, paper and cardboard",0301,wastes from wood processing and the production of panels and furniture,030105
030105,03 01 05,03 01 05,false,MN,mirror non-hazardous,true,"sawdust, shavings, cuttings, wood, particle board and veneer other than those mentioned in 03 01 04",,03,"Wastes from wood processing and the production of panels and furniture, pulp, paper and cardboard",0301,wastes from wood processing and the production of panels and furniture,030104
030199,03 01 99,03 01 99,false,AN,absolute non-hazardous,false,wastes not otherwise specified,,03,"Wastes from wood processing and the production of panels and furniture, pulp, paper and cardboard",0301,wastes from wood processing and the production of panels and furniture,
030201,03 02 01,03 02 01*,true,AH,absolute hazardous,false,non-halogenated organic wood preservatives,,03,"Wastes from wood processing and the production of panels and furniture, pulp, paper and cardboard",0302,wastes from wood preservation,
030202,03 02 02,03 02 02*,true,AH,absolute hazardous,false,organochlorinated wood preservatives,,03,"Wastes from wood processing and the production of panels and furniture, pulp, paper and cardboard",0302,wastes from wood preservation,
030203,03 02 03,03 02 03*,true,AH,absolute hazardous,false,organometallic wood preservatives,,03,"Wastes from wood processing and the production of panels and furniture, pulp, paper and cardboard",0302,wastes from wood preservation,
030204,03 02 04,03 02 04*,true,AH,absolute hazardous,false,inorganic wood preservatives,,03,"Wastes from wood processing and the production of panels and furniture, pulp, paper and cardboard",0302,wastes from wood preservation,
030205,03 02 05,03 02 05*,true,MH,mirror hazardous,true,other wood preservatives containing hazardous substances,,03,"Wastes from wood processing and the production of panels and furniture, pulp, paper and cardboard",0302,wastes from wood preservation,
030299,03 02 99,03 02 99,false,MN,mirror non-hazardous,true,wood preservatives not otherwise specified,,03,"Wastes from wood processing and the production of panels and furniture, pulp, paper and cardboard",0302,wastes from wood preservation,
030301,03 03 01,03 03 01,false,AN,absolute non-hazardous,false,waste bark and wood,,03,"Wastes from wood processing and the production of panels and furniture, pulp, paper and cardboard",0303,"wastes from pulp, paper and cardboard production and processing",
030302,03 03 02,03 03 02,false,AN,absolute non-hazardous,false,green liquor sludge (from recovery of cooking liquor),,03,"Wastes from wood processing and the production of panels and furniture, pulp, paper and cardboard",0303,"wastes from pulp, paper and cardboard production and processing",
030305,03 03 05,03 03 05,false,AN,absolute non-hazardous,false,de-inking sludges from paper recycling,,03,"Wastes from wood processing and the production of panels and furniture, pulp, paper and cardboard",0303,"wastes from pulp, paper and cardboard production and processing",
030307,03 03 07,03 03 07,false,AN,absolute non-hazardous,false,mechanically separated rejects from pulping of waste paper and cardboard,,03,"Wastes from wood processing and the production of panels and furniture, pulp, paper and cardboard",0303,"wastes from pulp, paper and cardboard production and processing",
030308,03 03 08,03 03 08,false,AN,absolute non-hazardous,false,wastes from sorting of paper and cardboard destined for recycling,,03,"Wastes from wood processing and the production of panels and furniture, pulp, paper and cardboard",0303,"wastes from pulp, paper and cardboard production and processing",
030309,03 03 09,03 03 09,false,AN,absolute non-hazardous,false,lime mud waste,,03,"Wastes from wood processing and the production of panels and furniture, pulp, paper and cardboard",0303,"wastes from pulp, paper and cardboard production and processing",
030310,03 03 10,03 03 10,false,AN,absolute non-hazardous,false,"fibre rejects, fibre-, filler- and coating-sludges from mechanical separation",,03,"Wastes from wood processing and the production of panels and furniture, pulp, paper and cardboard",0303,"wastes from pulp, paper and cardboard production and processing",
030311,03 03 11,03 03 11,false,AN,absolute non-hazardous,false,sludges from on-site effluent treatment other than those mentioned in 03 03 10,,03,"Wastes from wood processing and the production of panels and furniture, pulp, paper and cardboard",0303,"wastes from pulp, paper and cardboard production and processing",
030399,03 03 99,03 03 99,false,AN,absolute non-hazardous,false,wastes not otherwise specified,,03,"Wastes from wood processing and the production of panels and furniture, pulp, paper and cardboard",0303,"wastes from pulp, paper and cardboard production and processing",
040101,04 01 01,04 01 01,false,AN,absolute non-hazardous,false,fleshings and lime split wastes,,04,"Wastes from the leather, fur and textile industries",0401,wastes from the leather and fur industry,
040102,04 01 02,04 01 02,false,AN,absolute non-hazardous,false,liming waste,,04,"Wastes from the leather, fur and textile industries",0401,wastes from the leather and fur industry,
040103,04 01 03,04 01 03*,true,MH,mirror hazardous,true,degreasing wastes containing solvents without a liquid phase,,04,"Wastes from the leather, fur and textile industries",0401,wastes from the leather and fur industry,
040104,04 01 04,04 01 04,false,AN,absolute non-hazardous,false,tanning liquor containing chromium,,04,"Wastes from the leather, fur and textile industries",0401,wastes from the leather and fur industry,
040105,04 01 05,04 01 05,false,AN,absolute non-hazardous,false,tanning liquor free of chromium,,04,"Wastes from the leather, fur and textile industries",0401,wastes from the leather and fur industry,
040106,04 01 06,04 01 06,false,AN,absolute non-hazardous,false,"sludges, in particular from on-site effluent treatment containing chromium",,04,"Wastes from the leather, fur and textile industries",0401,wastes from the leather and fur industry,
040107,04 01 07,04 01 07,false,AN,absolute non-hazardous,false,"sludges, in particular from on-site effluent treatment free of chromium",,04,"Wastes from the leather, fur and textile industries",0401,wastes from the leather and fur industry,
040108,04 01 08,04 01 08,false,AN,absolute non-hazardous,false,"waste tanned leather (blue sheetings, shavings, cuttings, buffing dust) containing chromium",,04,"Wastes from the leather, fur and textile industries",0401,wastes from the leather and fur industry,
040109,04 01 09,04 01 09,false,AN,absolute non-hazardous,false,wastes from dressing and finishing,,04,"Wastes from the leather, fur and textile industries",0401,wastes from the leather and fur industry,
040199,04 01 99,04 01 99,false,MN,mirror non-hazardous,true,wastes not otherwise specified,,04,"Wastes from the leather, fur and textile industries",0401,wastes from the leather and fur industry,
040209,04 02 09,04 02 09,false,AN,absolute non-hazardous,false,"wastes from composite materials (impregnated textile, elastomer, plastomer)",,04,"Wastes from the leather, fur and textile industries",0402,wastes from the textile industry,
040210,04 02 10,04 02 10,false,AN,absolute non-hazardous,false,"organic matter from natural products (for example grease, wax)",,04,"Wastes from the leather, fur and textile industries",0402,wastes from the textile industry,
040214,04 02 14,04 02 14*,true,MH,mirror hazardous,true,wastes from finishing containing organic solvents,,04,"Wastes from the leather, fur and textile industries",0402,wastes from the textile industry,040215
040215,04 02 15,04 02 15,false,MN,mirror non-hazardous,true,wastes from finishing other than those mentioned in 04 02 14,,04,"Wastes from the leather, fur and textile industries",0402,wastes from the textile industry,040214
040216,04 02 16,04 02 16*,true,MH,mirror hazardous,true,dyestuffs and pigments containing hazardous substances,,04,"Wastes from the leather, fur and textile industries",0402,wastes from the textile industry,040217
040217,04 02 17,04 02 17,false,MN,mirror non-hazardous,true,dyestuffs and pigments other than those mentioned in 04 02 16,,04,"Wastes from the leather, fur and textile industries",0402,wastes from the textile industry,040216
040219,04 02 19,04 02 19*,true,MH,mirror hazardous,true,sludges from on-site effluent treatment containing hazardous substances,,04,"Wastes from the leather, fur and textile industries",0402,wastes from the textile industry,040220
040220,04 02 20,04 02 20,false,MN,mirror non-hazardous,true,sludges from on-site effluent treatment other than those mentioned in 04 02 19,,04,"Wastes from the leather, fur and textile industries",0402,wastes from the textile industry,040219
040221,04 02 21,04 02 21,false,AN,absolute non-hazardous,false,wastes from unprocessed textile fibres,,04,"Wastes from the leather, fur and textile industries",0402,wastes from the textile industry,
040222,04 02 22,04 02 22,false,AN,absolute non-hazardous,false,wastes from processed textile fibres,,04,"Wastes from the leather, fur and textile industries",0402,wastes from the textile industry,
040299,04 02 99,04 02 99,false,AN,absolute non-hazardous,false,wastes not otherwise specified,,04,"Wastes from the leather, fur and textile industries",0402,wastes from the textile industry,
050102,05 01 02,05 01 02*,true,AH,absolute hazardous,false,desalter sludges,,05,"Wastes from petroleum refining, natural gas purification and pyrolytic treatment of coal",0501,wastes from petroleum refining,
050103,05 01 03,05 01 03*,true,AH,absolute hazardous,false,tank bottom sludges,,05,"Wastes from petroleum refining, natural gas purification and pyrolytic treatment of coal",0501,wastes from petroleum refining,
050104,05 01 04,05 01 04*,true,AH,absolute hazardous,false,acid alkyl sludges,,05,"Wastes from petroleum refining, natural gas purification and pyrolytic treatment of coal",0501,wastes from petroleum refining,
050105,05 01 05,05 01 05*,true,AH,absolute hazardous,false,oil spills,,05,"Wastes from petroleum refining, natural gas purification and pyrolytic treatment of coal",0501,wastes from petroleum refining,
050106,05 01 06,05 01 06*,true,AH,absolute hazardous,false,oily sludges from maintenance operations of the plant or equipment,,05,"Wastes from petroleum refining, natural gas purification and pyrolytic treatment of coal",0501,wastes from petroleum refining,
050107,05 01 07,05 01 07*,true,AH,absolute hazardous,false,acid tars,,05,"Wastes from petroleum refining, natural gas purification and pyrolytic treatment of coal",0501,wastes from petroleum refining,
050108,05 01 08,05 01 08*,true,AH,absolute hazardous,false,other tars,,05,"Wastes from petroleum refining, natural gas purification and pyrolytic treatment of coal",0501,wastes from petroleum refining,
050109,05 01 09,05 01 09*,true,MH,mirror hazardous,true,sludges from on-site effluent treatment containing hazardous substances,,05,"Wastes from petroleum refining, natural gas purification and pyrolytic treatment of coal",0501,wastes from petroleum refining,050110
050110,05 01 10,05 01 10,false,MN,mirror non-hazardous,true,sludges from on-site effluent treatment other than those mentioned in 05 01 09,,05,"Wastes from petroleum refining, natural gas purification and pyrolytic treatment of coal",0501,wastes from petroleum refining,050109
050111,05 01 11,05 01 11*,true,AH,absolute hazardous,false,wastes from cleaning of fuels with bases,,05,"Wastes from petroleum refining, natural gas purification and pyrolytic treatment of coal",0501,wastes from petroleum refining,
050112,05 01 12,05 01 12*,true,AH,absolute hazardous,false,oil containing acids,,05,"Wastes from petroleum refining, natural gas purification and pyrolytic treatment of coal",0501,wastes from petroleum refining,
050113,05 01 13,05 01 13,false,AN,absolute non-hazardous,false,boiler feedwater sludges,,05,"Wastes from petroleum refining, natural gas purification and pyrolytic treatment of coal",0501,wastes from petroleum refining,
050114,05 01 14,05 01 14,false,AN,absolute non-hazardous,false,wastes from cooling columns,,05,"Wastes from petroleum refining, natural gas purification and pyrolytic treatment of coal",0501,wastes from petroleum refining,
050115,05 01 15,05 01 15*,true,AH,absolute hazardous,false,spent filter clays,,05,"Wastes from petroleum refining, natural gas purification and pyrolytic treatment of coal",0501,wastes from petroleum refining,
050116,05 01 16,05 01 16,false,AN,absolute non-hazardous,false,sulphur-containing wastes from petroleum desulphurisation,,05,"Wastes from petroleum refining, natural gas purification and pyrolytic treatment of coal",0501,wastes from petroleum refining,
050117,05 01 17,05 01 17,false,AN,absolute non-hazardous,false,Bitumen,,05,"Wastes from petroleum refining, natural gas purification and pyrolytic treatment of coal",0501,wastes from petroleum refining,
050199,05 01 99,05 01 99,false,AN,absolute non-hazardous,false,wastes not otherwise specified,,05,"Wastes from petroleum refining, natural gas purification and pyrolytic treatment of coal",0501,wastes from petroleum refining,
050601,05 06 01,05 06 01*,true,AH,absolute hazardous,false,acid tars,,05,"Wastes from petroleum refining, natural gas purification and pyrolytic treatment of coal",0506,wastes from the pyrolytic treatment of coal,
050603,05 06 03,05 06 03*,true,AH,absolute hazardous,false,other tars,,05,"Wastes from petroleum refining, natural gas purification and pyrolytic treatment of coal",0506,wastes from the pyrolytic treatment of coal,
050604,05 06 04,05 06 04,false,AN,absolute non-hazardous,false,waste from cooling columns,,05,"Wastes from petroleum refining, natural gas purification and pyrolytic treatment of coal",0506,wastes from the pyrolytic treatment of coal,
050699,05 06 99,05 06 99,false,AN,absolute non-hazardous,false,wastes not otherwise specified,,05,"Wastes from petroleum refining, natural gas purification and pyrolytic treatment of coal",0506,wastes from the pyrolytic treatment of coal,
050701,05 07 01,05 07 01*,true,MH,mirror hazardous,true,wastes containing mercury,,05,"Wastes from petroleum refining, natural gas purification and pyrolytic treatment of coal",0507,wastes from natural gas purification and transportation,
050702,05 07 02,05 07 02,false,AN,absolute non-hazardous,false,wastes containing sulphur,,05,"Wastes from petroleum refining, natural gas purification and pyrolytic treatment of coal",0507,wastes from natural gas purification and transportation,
050799,05 07 99,05 07 99,false,MN,mirror non-hazardous,true,wastes not otherwise specified,,05,"Wastes from petroleum refining, natural gas purification and pyrolytic treatment of coal",0507,wastes from natural gas purification and transportation,
060101,06 01 01,06 01 01*,true,AH,absolute hazardous,false,sulphuric acid and sulphurous acid,,06,Wastes from inorganic chemical processes,0601,"wastes from the manufacture, formulation, supply and use (MFSU) of acids",
060102,06 01 02,06 01 02*,true,AH,absolute hazardous,false,hydrochloric acid,,06,Wastes from inorganic chemical processes,0601,"wastes from the manufacture, formulation, supply and use (MFSU) of acids",
060103,06 01 03,06 01 03*,true,AH,absolute hazardous,false,hydrofluoric acid,,06,Wastes from inorganic chemical processes,0601,"wastes from the manufacture, formulation, supply and use (MFSU) of acids",
060104,06 01 04,06 01 04*,true,AH,absolute hazardous,false,phosphoric and phosphorous acid,,06,Wastes from inorganic chemical processes,0601,"wastes from the manufacture, formulation, supply and use (MFSU) of acids",
060105,06 01 05,06 01 05*,true,AH,absolute hazardous,false,nitric acid and nitrous acid,,06,Wastes from inorganic chemical processes,0601,"wastes from the manufacture, formulation, supply and use (MFSU) of acids",
060106,06 01 06,06 01 06*,true,AH,absolute hazardous,false,other acids,,06,Wastes from inorganic chemical processes,0601,"wastes from the manufacture, formulation, supply and use (MFSU) of acids",
060199,06 01 99,06 01 99,false,AN,absolute non-hazardous,false,wastes not otherwise specified,,06,Wastes from inorganic chemical processes,0601,"wastes from the manufacture, formulation, supply and use (MFSU) of acids",
060201,06 02 01,06 02 01*,true,AH,absolute hazardous,false,calcium hydroxide,,06,Wastes from inorganic chemical processes,0602,wastes from the MFSU of bases,
060203,06 02 03,06 02 03*,true,AH,absolute hazardous,false,ammonium hydroxide,,06,Wastes from inorganic chemical processes,0602,wastes from the MFSU of bases,
060204,06 02 04,06 02 04*,true,AH,absolute hazardous,false,sodium and potassium hydroxide,,06,Wastes from inorganic chemical processes,0602,wastes from the MFSU of bases,
060205,06 02 05,06 02 05*,true,AH,absolute hazardous,false,other bases,,06,Wastes from inorganic chemical processes,0602,wastes from the MFSU of bases,
060299,06 02 99,06 02 99,false,AN,absolute non-hazardous,false,wastes not otherwise specified,,06,Wastes from inorganic chemical processes,0602,wastes from the MFSU of bases,
060311,06 03 11,06 03 11*,true,MH,mirror hazardous,true,solid salts and solutions containing cyanides,,06,Wastes from inorganic chemical processes,0603,wastes from the MFSU of salts and their solutions and metallic oxides,060314
060313,06 03 13,06 03 13*,true,MH,mirror hazardous,true,solid salts and solutions containing heavy metals,,06,Wastes from inorganic chemical processes,0603,wastes from the MFSU of salts and their solutions and metallic oxides,060314
060314,06 03 14,06 03 14,false,MN,mirror non-hazardous,true,solid salts and solutions other than those mentioned in 06 03 11 and 06 03 13,,06,Wastes from inorganic chemical processes,0603,wastes from the MFSU of salts and their solutions and metallic oxides,060311;060313
060315,06 03 15,06 03 15*,true,MH,mirror hazardous,true,metallic oxides containing heavy metals,,06,Wastes from inorganic chemical processes,0603,wastes from the MFSU of salts and their solutions and metallic oxides,060316
060316,06 03 16,06 03 16,false,MN,mirror non-hazardous,true,metallic oxides other than those mentioned in 06 03 15,,06,Wastes from inorganic chemical processes,0603,wastes from the MFSU of salts and their solutions and metallic oxides,060315
060399,06 03 99,06 03 99,false,AN,absolute non-hazardous,false,wastes not otherwise specified,,06,Wastes from inorganic chemical processes,0603,wastes from the MFSU of salts and their solutions and metallic oxides,
060403,06 04 03,06 04 03*,true,MH,mirror hazardous,true,wastes containing arsenic,,06,Wastes from inorganic chemical processes,0604,metal-containing wastes other than those mentioned in 06 03,
060404,06 04 04,06 04 04*,true,MH,mirror hazardous,true,wastes containing mercury,,06,Wastes from inorganic chemical processes,0604,metal-containing wastes other than those mentioned in 06 03,
060405,06 04 05,06 04 05*,true,MH,mirror hazardous,true,wastes containing other heavy metals,,06,Wastes from inorganic chemical processes,0604,metal-containing wastes other than those mentioned in 06 03,
060499,06 04 99,06 04 99,false,MN,mirror non-hazardous,true,wastes not otherwise specified,,06,Wastes from inorganic chemical processes,0604,metal-containing wastes other than those mentioned in 06 03,
060502,06 05 02,06 05 02*,true,MH,mirror hazardous,true,sludges from on-site effluent treatment containing hazardous substances,,06,Wastes from inorganic chemical processes,0605,sludges from on-site effluent treatment,060503
060503,06 05 03,06 05 03,false,MN,mirror non-hazardous,true,sludges from on-site effluent treatment other than those mentioned in 06 05 02,,06,Wastes from inorganic chemical processes,0605,sludges from on-site effluent treatment,060502
060602,06 06 02,06 06 02*,true,MH,mirror hazardous,true,wastes containing hazardous sulphides,,06,Wastes from inorganic chemical processes,0606,"wastes from the MFSU of sulphur chemicals, sulphur chemical processes and desulphurisation processes",060603
060603,06 06 03,06 06 03,false,MN,mirror non-hazardous,true,wastes containing sulphides other than those mentioned in 06 06 02,,06,Wastes from inorganic chemical processes,0606,"wastes from the MFSU of sulphur chemicals, sulphur chemical processes and desulphurisation processes",060602
060699,06 06 99,06 06 99,false,AN,absolute non-hazardous,false,wastes not otherwise specified,,06,Wastes from inorganic chemical processes,0606,"wastes from the MFSU of sulphur chemicals, sulphur chemical processes and desulphurisation processes",
060701,06 07 01,06 07 01*,true,MH,mirror hazardous,true,wastes containing asbestos from electrolysis,,06,Wastes from inorganic chemical processes,0607,wastes from the MFSU of halogens and halogen chemical processes,
060702,06 07 02,06 07 02*,true,AH,absolute hazardous,false,activated carbon from chlorine production,,06,Wastes from inorganic chemical processes,0607,wastes from the MFSU of halogens and halogen chemical processes,
060703,06 07 03,06 07 03*,true,MH,mirror hazardous,true,barium sulphate sludge containing mercury,,06,Wastes from inorganic chemical processes,0607,wastes from the MFSU of halogens and halogen chemical processes,
060704,06 07 04,06 07 04*,true,AH,absolute hazardous,false,"solutions and acids, for example contact acid",,06,Wastes from inorganic chemical processes,0607,wastes from the MFSU of halogens and halogen chemical processes,
060799,06 07 99,06 07 99,false,MN,mirror non-hazardous,true,wastes not otherwise specified,,06,Wastes from inorganic chemical processes,0607,wastes from the MFSU of halogens and halogen chemical processes,
060802,06 08 02,06 08 02*,true,MH,mirror hazardous,true,waste containing hazardous chlorosilanes,,06,Wastes from inorganic chemical processes,0608,wastes from the MFSU of silicon and silicon derivatives,
060899,06 08 99,06 08 99,false,MN,mirror non-hazardous,true,wastes not otherwise specified,,06,Wastes from inorganic chemical processes,0608,wastes from the MFSU of silicon and silicon derivatives,
060902,06 09 02,06 09 02,false,AN,absolute non-hazardous,false,phosphorous slag,,06,Wastes from inorganic chemical processes,0609,wastes from the MSFU of phosphorous chemicals and phosphorous chemical processes,
060903,06 09 03,06 09 03*,true,MH,mirror hazardous,true,calcium-based reaction wastes containing or contaminated with hazardous substances,,06,Wastes from inorganic chemical processes,0609,wastes from the MSFU of phosphorous chemicals and phosphorous chemical processes,060904
060904,06 09 04,06 09 04,false,MN,mirror non-hazardous,true,calcium-based reaction wastes other than those mentioned in 06 09 03,,06,Wastes from inorganic chemical processes,0609,wastes from the MSFU of phosphorous chemicals and phosphorous chemical processes,060903
060999,06 09 99,06 09 99,false,AN,absolute non-hazardous,false,wastes not otherwise specified,,06,Wastes from inorganic chemical processes,0609,wastes from the MSFU of phosphorous chemicals and phosphorous chemical processes,
061002,06 10 02,06 10 02*,true,MH,mirror hazardous,true,wastes containing hazardous substances,,06,Wastes from inorganic chemical processes,0610,"wastes from the MFSU of nitrogen chemicals, nitrogen chemical processes and fertiliser manufacture",
061099,06 10 99,06 10 99,false,MN,mirror non-hazardous,true,wastes not otherwise specified,,06,Wastes from inorganic chemical processes,0610,"wastes from the MFSU of nitrogen chemicals, nitrogen chemical processes and fertiliser manufacture",
061101,06 11 01,06 11 01,false,AN,absolute non-hazardous,false,calcium-based reaction wastes from titanium dioxide production,,06,Wastes from inorganic chemical processes,0611,wastes from the manufacture of inorganic pigments and opacificiers,
061199,06 11 99,06 11 99,false,AN,absolute non-hazardous,false,wastes not otherwise specified,,06,Wastes from inorganic chemical processes,0611,wastes from the manufacture of inorganic pigments and opacificiers,
061301,06 13 01,06 13 01*,true,AH,absolute hazardous,false,"inorganic plant protection products, wood-preserving agents and other biocides.",,06,Wastes from inorganic chemical processes,0613,wastes from inorganic chemical processes not otherwise specified,
061302,06 13 02,06 13 02*,true,AH,absolute hazardous,false,spent activated carbon (except 06 07 02),,06,Wastes from inorganic chemical processes,0613,wastes from inorganic chemical processes not otherwise specified,
061303,06 13 03,06 13 03,false,AN,absolute non-hazardous,false,carbon black,,06,Wastes from inorganic chemical processes,0613,wastes from inorganic chemical processes not otherwise specified,
061304,06 13 04,06 13 04*,true,AH,absolute hazardous,false,wastes from asbestos processing,,06,Wastes from inorganic chemical processes,0613,wastes from inorganic chemical processes not otherwise specified,
061305,06 13 05,06 13 05*,true,AH,absolute hazardous,false,Soot,,06,Wastes from inorganic chemical processes,0613,wastes from inorganic chemical processes not otherwise specified,
061399,06 13 99,06 13 99,false,AN,absolute non-hazardous,false,wastes not otherwise specified,,06,Wastes from inorganic chemical processes,0613,wastes from inorganic chemical processes not otherwise specified,
070101,07 01 01,07 01 01*,true,AH,absolute hazardous,false,aqueous washing liquids and mother liquors,,07,Wastes from organic chemical processes,0701,"wastes from the manufacture, formulation, supply and use (MFSU) of basic organic chemicals",
070103,07 01 03,07 01 03*,true,AH,absolute hazardous,false,"organic halogenated solvents, washing liquids and mother liquors",,07,Wastes from organic chemical processes,0701,"wastes from the manufacture, formulation, supply and use (MFSU) of basic organic chemicals",
070104,07 01 04,07 01 04*,true,AH,absolute hazardous,false,"other organic solvents, washing liquids and mother liquors",,07,Wastes from organic chemical processes,0701,"wastes from the manufacture, formulation, supply and use (MFSU) of basic organic chemicals",
070107,07 01 07,07 01 07*,true,AH,absolute hazardous,false,halogenated still bottoms and reaction residues,,07,Wastes from organic chemical processes,0701,"wastes from the manufacture, formulation, supply and use (MFSU) of basic organic chemicals",
070108,07 01 08,07 01 08*,true,AH,absolute hazardous,false,other still bottoms and reaction residues,,07,Wastes from organic chemical processes,0701,"wastes from the manufacture, formulation, supply and use (MFSU) of basic organic chemicals",
070109,07 01 09,07 01 09*,true,AH,absolute hazardous,false,halogenated filter cakes and spent absorbents,,07,Wastes from organic chemical processes,0701,"wastes from the manufacture, formulation, supply and use (MFSU) of basic organic chemicals",
070110,07 01 10,07 01 10*,true,AH,absolute hazardous,false,other filter cakes and spent absorbents,,07,Wastes from organic chemical processes,0701,"wastes from the manufacture, formulation, supply and use (MFSU) of basic organic chemicals",
070111,07 01 11,07 01 11*,true,MH,mirror hazardous,true,sludges from on-site effluent treatment containing hazardous substances,,07,Wastes from organic chemical processes,0701,"wastes from the manufacture, formulation, supply and use (MFSU) of basic organic chemicals",070112
070112,07 01 12,07 01 12,false,MN,mirror non-hazardous,true,sludges from on-site effluent treatment other than those mentioned in 07 01 11,,07,Wastes from organic chemical processes,0701,"wastes from the manufacture, formulation, supply and use (MFSU) of basic organic chemicals",070111
070199,07 01 99,07 01 99,false,AN,absolute non-hazardous,false,wastes not otherwise specified,,07,Wastes from organic chemical processes,0701,"wastes from the manufacture, formulation, supply and use (MFSU) of basic organic chemicals",
070201,07 02 01,07 02 01*,true,AH,absolute hazardous,false,aqueous washing liquids and mother liquors,,07,Wastes from organic chemical processes,0702,"wastes from the MFSU of plastics, synthetic rubber and man-made fibres",
070203,07 02 03,07 02 03*,true,AH,absolute hazardous,false,"organic halogenated solvents, washing liquids and mother liquors",,07,Wastes from organic chemical processes,0702,"wastes from the MFSU of plastics, synthetic rubber and man-made fibres",
070204,07 02 04,07 02 04*,true,AH,absolute hazardous,false,"other organic solvents, washing liquids and mother liquors",,07,Wastes from organic chemical processes,0702,"wastes from the MFSU of plastics, synthetic rubber and man-made fibres",
070207,07 02 07,07 02 07*,true,AH,absolute hazardous,false,halogenated still bottoms and reaction residues,,07,Wastes from organic chemical processes,0702,"wastes from the MFSU of plastics, synthetic rubber and man-made fibres",
070208,07 02 08,07 02 08*,true,AH,absolute hazardous,false,other still bottoms and reaction residues,,07,Wastes from organic chemical processes,0702,"wastes from the MFSU of plastics, synthetic rubber and man-made fibres",
070209,07 02 09,07 02 09*,true,AH,absolute hazardous,false,halogenated filter cakes and spent absorbents,,07,Wastes from organic chemical processes,0702,"wastes from the MFSU of plastics, synthetic rubber and man-made fibres",
070210,07 02 10,07 02 10*,true,AH,absolute hazardous,false,other filter cakes and spent absorbents,,07,Wastes from organic chemical processes,0702,"wastes from the MFSU of plastics, synthetic rubber and man-made fibres",
070211,07 02 11,07 02 11*,true,MH,mirror hazardous,true,sludges from on-site effluent treatment containing hazardous substances,,07,Wastes from organic chemical processes,0702,"wastes from the MFSU of plastics, synthetic rubber and man-made fibres",070212
070212,07 02 12,07 02 12,false,MN,mirror non-hazardous,true,sludges from on-site effluent treatment other than those mentioned in 07 02 11,,07,Wastes from organic chemical processes,0702,"wastes from the MFSU of plastics, synthetic rubber and man-made fibres",070211
070213,07 02 13,07 02 13,false,AN,absolute non-hazardous,false,waste plastic,,07,Wastes from organic chemical processes,0702,"wastes from the MFSU of plastics, synthetic rubber and man-made fibres",
070214,07 02 14,07 02 14*,true,MH,mirror hazardous,true,wastes from additives containing hazardous substances,,07,Wastes from organic chemical processes,0702,"wastes from the MFSU of plastics, synthetic rubber and man-made fibres",070215
070215,07 02 15,07 02 15,false,MN,mirror non-hazardous,true,wastes from additives other than those mentioned in 07 02 14,,07,Wastes from organic chemical processes,0702,"wastes from the MFSU of plastics, synthetic rubber and man-made fibres",070214
070216,07 02 16,07 02 16*,true,MH,mirror hazardous,true,waste containing hazardous silicones,,07,Wastes from organic chemical processes,0702,"wastes from the MFSU of plastics, synthetic rubber and man-made fibres",070217
070217,07 02 17,07 02 17,false,MN,mirror non-hazardous,true,waste containing silicones other than those mentioned in 07 02 16,,07,Wastes from organic chemical processes,0702,"wastes from the MFSU of plastics, synthetic rubber and man-made fibres",070216
070299,07 02 99,07 02 99,false,AN,absolute non-hazardous,false,wastes not otherwise specified,,07,Wastes from organic chemical processes,0702,"wastes from the MFSU of plastics, synthetic rubber and man-made fibres",
070301,07 03 01,07 03 01*,true,AH,absolute hazardous,false,aqueous washing liquids and mother liquors,,07,Wastes from organic chemical processes,0703,wastes from the MFSU of organic dyes and pigments (except 06 11),
070303,07 03 03,07 03 03*,true,AH,absolute hazardous,false,"organic halogenated solvents, washing liquids and mother liquors",,07,Wastes from organic chemical processes,0703,wastes from the MFSU of organic dyes and pigments (except 06 11),
070304,07 03 04,07 03 04*,true,AH,absolute hazardous,false,"other organic solvents, washing liquids and mother liquors",,07,Wastes from organic chemical processes,0703,wastes from the MFSU of organic dyes and pigments (except 06 11),
070307,07 03 07,07 03 07*,true,AH,absolute hazardous,false,halogenated still bottoms and reaction residues,,07,Wastes from organic chemical processes,0703,wastes from the MFSU of organic dyes and pigments (except 06 11),
070308,07 03 08,07 03 08*,true,AH,absolute hazardous,false,other still bottoms and reaction residues,,07,Wastes from organic chemical processes,0703,wastes from the MFSU of organic dyes and pigments (except 06 11),
070309,07 03 09,07 03 09*,true,AH,absolute hazardous,false,halogenated filter cakes and spent absorbents,,07,Wastes from organic chemical processes,0703,wastes from the MFSU of organic dyes and pigments (except 06 11),
070310,07 03 10,07 03 10*,true,AH,absolute hazardous,false,other filter cakes and spent absorbents,,07,Wastes from organic chemical processes,0703,wastes from the MFSU of organic dyes and pigments (except 06 11),
070311,07 03 11,07 03 11*,true,MH,mirror hazardous,true,sludges from on-site effluent treatment containing hazardous substances,,07,Wastes from organic chemical processes,0703,wastes from the MFSU of organic dyes and pigments (except 06 11),070312
070312,07 03 12,07 03 12,false,MN,mirror non-hazardous,true,sludges from on-site effluent treatment other than those mentioned in 07 03 11,,07,Wastes from organic chemical processes,0703,wastes from the MFSU of organic dyes and pigments (except 06 11),070311
070399,07 03 99,07 03 99,false,AN,absolute non-hazardous,false,wastes not otherwise specified,,07,Wastes from organic chemical processes,0703,wastes from the MFSU of organic dyes and pigments (except 06 11),
070401,07 04 01,07 04 01*,true,AH,absolute hazardous,false,aqueous washing liquids and mother liquors,,07,Wastes from organic chemical processes,0704,"wastes from the MFSU of organic plant protection products (except 02 01 08 and 02 01 09), wood preserving agents (except 03 02) and other biocides",
070403,07 04 03,07 04 03*,true,AH,absolute hazardous,false,"organic halogenated solvents, washing liquids and mother liquors",,07,Wastes from organic chemical processes,0704,"wastes from the MFSU of organic plant protection products (except 02 01 08 and 02 01 09), wood preserving agents (except 03 02) and other biocides",
070404,07 04 04,07 04 04*,true,AH,absolute hazardous,false,"other organic solvents, washing liquids and mother liquors",,07,Wastes from organic chemical processes,0704,"wastes from the MFSU of organic plant protection products (except 02 01 08 and 02 01 09), wood preserving agents (except 03 02) and other biocides",
070407,07 04 07,07 04 07*,true,AH,absolute hazardous,false,halogenated still bottoms and reaction residues,,07,Wastes from organic chemical processes,0704,"wastes from the MFSU of organic plant protection products (except 02 01 08 and 02 01 09), wood preserving agents (except 03 02) and other biocides",
070408,07 04 08,07 04 08*,true,AH,absolute hazardous,false,other still bottoms and reaction residues,,07,Wastes from organic chemical processes,0704,"wastes from the MFSU of organic plant protection products (except 02 01 08 and 02 01 09), wood preserving agents (except 03 02) and other biocides",
070409,07 04 09,07 04 09*,true,AH,absolute hazardous,false,halogenated filter cakes and spent absorbents,,07,Wastes from organic chemical processes,0704,"wastes from the MFSU of organic plant protection products (except 02 01 08 and 02 01 09), wood preserving agents (except 03 02) and other biocides",
070410,07 04 10,07 04 10*,true,AH,absolute hazardous,false,other filter cakes and spent absorbents,,07,Wastes from organic chemical processes,0704,"wastes from the MFSU of organic plant protection products (except 02 01 08 and 02 01 09), wood preserving agents (except 03 02) and other biocides",
070411,07 04 11,07 04 11*,true,MH,mirror hazardous,true,sludges from on-site effluent treatment containing hazardous substances,,07,Wastes from organic chemical processes,0704,"wastes from the MFSU of organic plant protection products (except 02 01 08 and 02 01 09), wood preserving agents (except 03 02) and other biocides",070412
070412,07 04 12,07 04 12,false,MN,mirror non-hazardous,true,sludges from on-site effluent treatment other than those mentioned in 07 04 11,,07,Wastes from organic chemical processes,0704,"wastes from the MFSU of organic plant protection products (except 02 01 08 and 02 01 09), wood preserving agents (except 03 02) and other biocides",070411
070413,07 04 13,07 04 13*,true,MH,mirror hazardous,true,solid wastes containing hazardous substances,,07,Wastes from organic chemical processes,0704,"wastes from the MFSU of organic plant protection products (except 02 01 08 and 02 01 09), wood preserving agents (except 03 02) and other biocides",
070499,07 04 99,07 04 99,false,MN,mirror non-hazardous,true,wastes not otherwise specified,,07,Wastes from organic chemical processes,0704,"wastes from the MFSU of organic plant protection products (except 02 01 08 and 02 01 09), wood preserving agents (except 03 02) and other biocides",
070501,07 05 01,07 05 01*,true,AH,absolute hazardous,false,aqueous washing liquids and mother liquors,,07,Wastes from organic chemical processes,0705,wastes from the MFSU of pharmaceuticals,
070503,07 05 03,07 05 03*,true,AH,absolute hazardous,false,"organic halogenated solvents, washing liquids and mother liquors",,07,Wastes from organic chemical processes,0705,wastes from the MFSU of pharmaceuticals,
070504,07 05 04,07 05 04*,true,AH,absolute hazardous,false,"other organic solvents, washing liquids and mother liquors",,07,Wastes from organic chemical processes,0705,wastes from the MFSU of pharmaceuticals,
070507,07 05 07,07 05 07*,true,AH,absolute hazardous,false,halogenated still bottoms and reaction residues,,07,Wastes from organic chemical processes,0705,wastes from the MFSU of pharmaceuticals,
070508,07 05 08,07 05 08*,true,AH,absolute hazardous,false,other still bottoms and reaction residues,,07,Wastes from organic chemical processes,0705,wastes from the MFSU of pharmaceuticals,
070509,07 05 09,07 05 09*,true,AH,absolute hazardous,false,halogenated filter cakes and spent absorbents,,07,Wastes from organic chemical processes,0705,wastes from the MFSU of pharmaceuticals,
070510,07 05 10,07 05 10*,true,AH,absolute hazardous,false,other filter cakes and spent absorbents,,07,Wastes from organic chemical processes,0705,wastes from the MFSU of pharmaceuticals,
070511,07 05 11,07 05 11*,true,MH,mirror hazardous,true,sludges from on-site effluent treatment containing hazardous substances,,07,Wastes from organic chemical processes,0705,wastes from the MFSU of pharmaceuticals,070512
070512,07 05 12,07 05 12,false,MN,mirror non-hazardous,true,sludges from on-site effluent treatment other than those mentioned in 07 05 11,,07,Wastes from organic chemical processes,0705,wastes from the MFSU of pharmaceuticals,070511
070513,07 05 13,07 05 13*,true,MH,mirror hazardous,true,solid wastes containing hazardous substances,,07,Wastes from organic chemical processes,0705,wastes from the MFSU of pharmaceuticals,070514
070514,07 05 14,07 05 14,false,MN,mirror non-hazardous,true,solid wastes other than those mentioned in 07 05 13,,07,Wastes from organic chemical processes,0705,wastes from the MFSU of pharmaceuticals,070513
070599,07 05 99,07 05 99,false,AN,absolute non-hazardous,false,wastes not otherwise specified,,07,Wastes from organic chemical processes,0705,wastes from the MFSU of pharmaceuticals,
070601,07 06 01,07 06 01*,true,AH,absolute hazardous,false,aqueous washing liquids and mother liquors,,07,Wastes from organic chemical processes,0706,"wastes from the MFSU of fats, grease, soaps, detergents, disinfectants and cosmetics",
070603,07 06 03,07 06 03*,true,AH,absolute hazardous,false,"organic halogenated solvents, washing liquids and mother liquors",,07,Wastes from organic chemical processes,0706,"wastes from the MFSU of fats, grease, soaps, detergents, disinfectants and cosmetics",
070604,07 06 04,07 06 04*,true,AH,absolute hazardous,false,"other organic solvents, washing liquids and mother liquors",,07,Wastes from organic chemical processes,0706,"wastes from the MFSU of fats, grease, soaps, detergents, disinfectants and cosmetics",
070607,07 06 07,07 06 07*,true,AH,absolute hazardous,false,halogenated still bottoms and reaction residues,,07,Wastes from organic chemical processes,0706,"wastes from the MFSU of fats, grease, soaps, detergents, disinfectants and cosmetics",
070608,07 06 08,07 06 08*,true,AH,absolute hazardous,false,other still bottoms and reaction residues,,07,Wastes from organic chemical processes,0706,"wastes from the MFSU of fats, grease, soaps, detergents, disinfectants and cosmetics",
070609,07 06 09,07 06 09*,true,AH,absolute hazardous,false,halogenated filter cakes and spent absorbents,,07,Wastes from organic chemical processes,0706,"wastes from the MFSU of fats, grease, soaps, detergents, disinfectants and cosmetics",
070610,07 06 10,07 06 10*,true,AH,absolute hazardous,false,other filter cakes and spent absorbents,,07,Wastes from organic chemical processes,0706,"wastes from the MFSU of fats, grease, soaps, detergents, disinfectants and cosmetics",
070611,07 06 11,07 06 11*,true,MH,mirror hazardous,true,sludges from on-site effluent treatment containing hazardous substances,,07,Wastes from organic chemical processes,0706,"wastes from the MFSU of fats, grease, soaps, detergents, disinfectants and cosmetics",070612
070612,07 06 12,07 06 12,false,MN,mirror non-hazardous,true,sludges from on-site effluent treatment other than those mentioned in 07 06 11,,07,Wastes from organic chemical processes,0706,"wastes from the MFSU of fats, grease, soaps, detergents, disinfectants and cosmetics",070611
070699,07 06 99,07 06 99,false,AN,absolute non-hazardous,false,wastes not otherwise specified,,07,Wastes from organic chemical processes,0706,"wastes from the MFSU of fats, grease, soaps, detergents, disinfectants and cosmetics",
070701,07 07 01,07 07 01*,true,AH,absolute hazardous,false,aqueous washing liquids and mother liquors,,07,Wastes from organic chemical processes,0707,wastes from the MFSU of fine chemicals and chemical products not otherwise specified,
070703,07 07 03,07 07 03*,true,AH,absolute hazardous,false,"organic halogenated solvents, washing liquids and mother liquors",,07,Wastes from organic chemical processes,0707,wastes from the MFSU of fine chemicals and chemical products not otherwise specified,
070704,07 07 04,07 07 04*,true,AH,absolute hazardous,false,"other organic solvents, washing liquids and mother liquors",,07,Wastes from organic chemical processes,0707,wastes from the MFSU of fine chemicals and chemical products not otherwise specified,
070707,07 07 07,07 07 07*,true,AH,absolute hazardous,false,halogenated still bottoms and reaction residues,,07,Wastes from organic chemical processes,0707,wastes from the MFSU of fine chemicals and chemical products not otherwise specified,
070708,07 07 08,07 07 08*,true,AH,absolute hazardous,false,other still bottoms and reaction residues,,07,Wastes from organic chemical processes,0707,wastes from the MFSU of fine chemicals and chemical products not otherwise specified,
070709,07 07 09,07 07 09*,true,AH,absolute hazardous,false,halogenated filter cakes and spent absorbents,,07,Wastes from organic chemical processes,0707,wastes from the MFSU of fine chemicals and chemical products not otherwise specified,
070710,07 07 10,07 07 10*,true,AH,absolute hazardous,false,other filter cakes and spent absorbents,,07,Wastes from organic chemical processes,0707,wastes from the MFSU of fine chemicals and chemical products not otherwise specified,
070711,07 07 11,07 07 11*,true,MH,mirror hazardous,true,sludges from on-site effluent treatment containing hazardous substances,,07,Wastes from organic chemical processes,0707,wastes from the MFSU of fine chemicals and chemical products not otherwise specified,070712
070712,07 07 12,07 07 12,false,MN,mirror non-hazardous,true,sludges from on-site effluent treatment other than those mentioned in 07 07 11,,07,Wastes from organic chemical processes,0707,wastes from the MFSU of fine chemicals and chemical products not otherwise specified,070711
070799,07 07 99,07 07 99,false,AN,absolute non-hazardous,false,wastes not otherwise specified,,07,Wastes from organic chemical processes,0707,wastes from the MFSU of fine chemicals and chemical products not otherwise specified,
080111,08 01 11,08 01 11*,true,MH,mirror hazardous,true,waste paint and varnish containing organic solvents or other hazardous substances,,08,"Wastes from the manufacture, formulation, supply and use (MFSU) of coatings (paints, varnishes and vitreous enamels), adhesives, sealants and printing inks",0801,wastes from MFSU and removal of paint and varnish,080112
080112,08 01 12,08 01 12,false,MN,mirror non-hazardous,true,waste paint and varnish other than those mentioned in 08 01 11,,08,"Wastes from the manufacture, formulation, supply and use (MFSU) of coatings (paints, varnishes and vitreous enamels), adhesives, sealants and printing inks",0801,wastes from MFSU and removal of paint and varnish,080111
080113,08 01 13,08 01 13*,true,MH,mirror hazardous,true,sludges from paint or varnish containing organic solvents or other hazardous substances,,08,"Wastes from the manufacture, formulation, supply and use (MFSU) of coatings (paints, varnishes and vitreous enamels), adhesives, sealants and printing inks",0801,wastes from MFSU and removal of paint and varnish,080114
080114,08 01 14,08 01 14,false,MN,mirror non-hazardous,true,sludges from paint or varnish other than those mentioned in 08 01 13,,08,"Wastes from the manufacture, formulation, supply and use (MFSU) of coatings (paints, varnishes and vitreous enamels), adhesives, sealants and printing inks",0801,wastes from MFSU and removal of paint and varnish,080113
080115,08 01 15,08 01 15*,true,MH,mirror hazardous,true,aqueous sludges containing paint or varnish containing organic solvents or other hazardous substances,,08,"Wastes from the manufacture, formulation, supply and use (MFSU) of coatings (paints, varnishes and vitreous enamels), adhesives, sealants and printing inks",0801,wastes from MFSU and removal of paint and varnish,080116
080116,08 01 16,08 01 16,false,MN,mirror non-hazardous,true,aqueous sludges containing paint or varnish other than those mentioned in 08 01 15,,08,"Wastes from the manufacture, formulation, supply and use (MFSU) of coatings (paints, varnishes and vitreous enamels), adhesives, sealants and printing inks",0801,wastes from MFSU and removal of paint and varnish,080115
080117,08 01 17,08 01 17*,true,MH,mirror hazardous,true,wastes from paint or varnish removal containing organic solvents or other hazardous substances,,08,"Wastes from the manufacture, formulation, supply and use (MFSU) of coatings (paints, varnishes and vitreous enamels), adhesives, sealants and printing inks",0801,wastes from MFSU and removal of paint and varnish,080118
080118,08 01 18,08 01 18,false,MN,mirror non-hazardous,true,wastes from paint or varnish removal other than those mentioned in 08 01 17,,08,"Wastes from the manufacture, formulation, supply and use (MFSU) of coatings (paints, varnishes and vitreous enamels), adhesives, sealants and printing inks",0801,wastes from MFSU and removal of paint and varnish,080117
080119,08 01 19,08 01 19*,true,MH,mirror hazardous,true,aqueous suspensions containing paint or varnish containing organic solvents or other hazardous substances,,08,"Wastes from the manufacture, formulation, supply and use (MFSU) of coatings (paints, varnishes and vitreous enamels), adhesives, sealants and printing inks",0801,wastes from MFSU and removal of paint and varnish,080120
080120,08 01 20,08 01 20,false,MN,mirror non-hazardous,true,aqueous suspensions containing paint or varnish other than those mentioned in 08 01 19,,08,"Wastes from the manufacture, formulation, supply and use (MFSU) of coatings (paints, varnishes and vitreous enamels), adhesives, sealants and printing inks",0801,wastes from MFSU and removal of paint and varnish,080119
080121,08 01 21,08 01 21*,true,AH,absolute hazardous,false,waste paint or varnish remover,,08,"Wastes from the manufacture, formulation, supply and use (MFSU) of coatings (paints, varnishes and vitreous enamels), adhesives, sealants and printing inks",0801,wastes from MFSU and removal of paint and varnish,
080199,08 01 99,08 01 99,false,AN,absolute non-hazardous,false,wastes not otherwise specified,,08,"Wastes from the manufacture, formulation, supply and use (MFSU) of coatings (paints, varnishes and vitreous enamels), adhesives, sealants and printing inks",0801,wastes from MFSU and removal of paint and varnish,
080201,08 02 01,08 02 01,false,AN,absolute non-hazardous,false,waste coating powders,,08,"Wastes from the manufacture, formulation, supply and use (MFSU) of coatings (paints, varnishes and vitreous enamels), adhesives, sealants and printing inks",0802,wastes from MFSU of other coatings (including ceramic materials),
080202,08 02 02,08 02 02,false,AN,absolute non-hazardous,false,aqueous sludges containing ceramic materials,,08,"Wastes from the manufacture, formulation, supply and use (MFSU) of coatings (paints, varnishes and vitreous enamels), adhesives, sealants and printing inks",0802,wastes from MFSU of other coatings (including ceramic materials),
080203,08 02 03,08 02 03,false,AN,absolute non-hazardous,false,aqueous suspensions containing ceramic materials,,08,"Wastes from the manufacture, formulation, supply and use (MFSU) of coatings (paints, varnishes and vitreous enamels), adhesives, sealants and printing inks",0802,wastes from MFSU of other coatings (including ceramic materials),
080299,08 02 99,08 02 99,false,AN,absolute non-hazardous,false,wastes not otherwise specified,,08,"Wastes from the manufacture, formulation, supply and use (MFSU) of coatings (paints, varnishes and vitreous enamels), adhesives, sealants and printing inks",0802,wastes from MFSU of other coatings (including ceramic materials),
080307,08 03 07,08 03 07,false,AN,absolute non-hazardous,false,aqueous sludges containing ink,,08,"Wastes from the manufacture, formulation, supply and use (MFSU) of coatings (paints, varnishes and vitreous enamels), adhesives, sealants and printing inks",0803,wastes from MFSU of printing inks,
080308,08 03 08,08 03 08,false,AN,absolute non-hazardous,false,aqueous liquid waste containing ink,,08,"Wastes from the manufacture, formulation, supply and use (MFSU) of coatings (paints, varnishes and vitreous enamels), adhesives, sealants and printing inks",0803,wastes from MFSU of printing inks,
080312,08 03 12,08 03 12*,true,MH,mirror hazardous,true,waste ink containing hazardous substances,,08,"Wastes from the manufacture, formulation, supply and use (MFSU) of coatings (paints, varnishes and vitreous enamels), adhesives, sealants and printing inks",0803,wastes from MFSU of printing inks,080313
080313,08 03 13,08 03 13,false,MN,mirror non-hazardous,true,waste ink other than those mentioned in 08 03 12,,08,"Wastes from the manufacture, formulation, supply and use (MFSU) of coatings (paints, varnishes and vitreous enamels), adhesives, sealants and printing inks",0803,wastes from MFSU of printing inks,080312
080314,08 03 14,08 03 14*,true,MH,mirror hazardous,true,ink sludges containing hazardous substances,,08,"Wastes from the manufacture, formulation, supply and use (MFSU) of coatings (paints, varnishes and vitreous enamels), adhesives, sealants and printing inks",0803,wastes from MFSU of printing inks,080315
080315,08 03 15,08 03 15,false,MN,mirror non-hazardous,true,ink sludges other than those mentioned in 08 03 14,,08,"Wastes from the manufacture, formulation, supply and use (MFSU) of coatings (paints, varnishes and vitreous enamels), adhesives, sealants and printing inks",0803,wastes from MFSU of printing inks,080314
080316,08 03 16,08 03 16*,true,AH,absolute hazardous,false,waste etching solutions,,08,"Wastes from the manufacture, formulation, supply and use (MFSU) of coatings (paints, varnishes and vitreous enamels), adhesives, sealants and printing inks",0803,wastes from MFSU of printing inks,
080317,08 03 17,08 03 17*,true,MH,mirror hazardous,true,waste printing toner containing hazardous substances,,08,"Wastes from the manufacture, formulation, supply and use (MFSU) of coatings (paints, varnishes and vitreous enamels), adhesives, sealants and printing inks",0803,wastes from MFSU of printing inks,080318
080318,08 03 18,08 03 18,false,MN,mirror non-hazardous,true,waste printing toner other than those mentioned in 08 03 17,,08,"Wastes from the manufacture, formulation, supply and use (MFSU) of coatings (paints, varnishes and vitreous enamels), adhesives, sealants and printing inks",0803,wastes from MFSU of printing inks,080317
080319,08 03 19,08 03 19*,true,AH,absolute hazardous,false,disperse oil,,08,"Wastes from the manufacture, formulation, supply and use (MFSU) of coatings (paints, varnishes and vitreous enamels), adhesives, sealants and printing inks",0803,wastes from MFSU of printing inks,
080399,08 03 99,08 03 99,false,AN,absolute non-hazardous,false,wastes not otherwise specified,,08,"Wastes from the manufacture, formulation, supply and use (MFSU) of coatings (paints, varnishes and vitreous enamels), adhesives, sealants and printing inks",0803,wastes from MFSU of printing inks,
080409,08 04 09,08 04 09*,true,MH,mirror hazardous,true,waste adhesives and sealants containing organic solvents or other hazardous substances,,08,"Wastes from the manufacture, formulation, supply and use (MFSU) of coatings (paints, varnishes and vitreous enamels), adhesives, sealants and printing inks",0804,wastes from MFSU of adhesives and sealants (including waterproofing products),080410
080410,08 04 10,08 04 10,false,MN,mirror non-hazardous,true,waste adhesives and sealants other than those mentioned in 08 04 09,,08,"Wastes from the manufacture, formulation, supply and use (MFSU) of coatings (paints, varnishes and vitreous enamels), adhesives, sealants and printing inks",0804,wastes from MFSU of adhesives and sealants (including waterproofing products),080409
080411,08 04 11,08 04 11*,true,MH,mirror hazardous,true,adhesive and sealant sludges containing organic solvents or other hazardous substances,,08,"Wastes from the manufacture, formulation, supply and use (MFSU) of coatings (paints, varnishes and vitreous enamels), adhesives, sealants and printing inks",0804,wastes from MFSU of adhesives and sealants (including waterproofing products),080412
080412,08 04 12,08 04 12,false,MN,mirror non-hazardous,true,adhesive and sealant sludges other than those mentioned in 08 04 11,,08,"Wastes from the manufacture, formulation, supply and use (MFSU) of coatings (paints, varnishes and vitreous enamels), adhesives, sealants and printing inks",0804,wastes from MFSU of adhesives and sealants (including waterproofing products),080411
080413,08 04 13,08 04 13*,true,MH,mirror hazardous,true,aqueous sludges containing adhesives or sealants containing organic solvents or other hazardous substances,,08,"Wastes from the manufacture, formulation, supply and use (MFSU) of coatings (paints, varnishes and vitreous enamels), adhesives, sealants and printing inks",0804,wastes from MFSU of adhesives and sealants (including waterproofing products),080414
080414,08 04 14,08 04 14,false,MN,mirror non-hazardous,true,aqueous sludges containing adhesives or sealants other than those mentioned in 08 04 13,,08,"Wastes from the manufacture, formulation, supply and use (MFSU) of coatings (paints, varnishes and vitreous enamels), adhesives, sealants and printing inks",0804,wastes from MFSU of adhesives and sealants (including waterproofing products),080413
080415,08 04 15,08 04 15*,true,MH,mirror hazardous,true,aqueous liquid waste containing adhesives or sealants containing organic solvents or other hazardous substances,,08,"Wastes from the manufacture, formulation, supply and use (MFSU) of coatings (paints, varnishes and vitreous enamels), adhesives, sealants and printing inks",0804,wastes from MFSU of adhesives and sealants (including waterproofing products),080416
080416,08 04 16,08 04 16,false,MN,mirror non-hazardous,true,aqueous liquid waste containing adhesives or sealants other than those mentioned in 08 04 15,,08,"Wastes from the manufacture, formulation, supply and use (MFSU) of coatings (paints, varnishes and vitreous enamels), adhesives, sealants and printing inks",0804,wastes from MFSU of adhesives and sealants (including waterproofing products),080415
080417,08 04 17,08 04 17*,true,AH,absolute hazardous,false,rosin oil,,08,"Wastes from the manufacture, formulation, supply and use (MFSU) of coatings (paints, varnishes and vitreous enamels), adhesives, sealants and printing inks",0804,wastes from MFSU of adhesives and sealants (including waterproofing products),
080499,08 04 99,08 04 99,false,AN,absolute non-hazardous,false,wastes not otherwise specified,,08,"Wastes from the manufacture, formulation, supply and use (MFSU) of coatings (paints, varnishes and vitreous enamels), adhesives, sealants and printing inks",0804,wastes from MFSU of adhesives and sealants (including waterproofing products),
080501,08 05 01,08 05 01*,true,AH,absolute hazardous,false,waste isocyanates,,08,"Wastes from the manufacture, formulation, supply and use (MFSU) of coatings (paints, varnishes and vitreous enamels), adhesives, sealants and printing inks",0805,wastes not otherwise specified in 08,
090101,09 01 01,09 01 01*,true,AH,absolute hazardous,false,water-based developer and activator solutions,,09,Wastes from the photographic industry,0901,wastes from the photographic industry,
090102,09 01 02,09 01 02*,true,AH,absolute hazardous,false,water-based offset plate developer solutions,,09,Wastes from the photographic industry,0901,wastes from the photographic industry,
090103,09 01 03,09 01 03*,true,AH,absolute hazardous,false,solvent-based developer solutions,,09,Wastes from the photographic industry,0901,wastes from the photographic industry,
090104,09 01 04,09 01 04*,true,AH,absolute hazardous,false,fixer solutions,,09,Wastes from the photographic industry,0901,wastes from the photographic industry,
090105,09 01 05,09 01 05*,true,AH,absolute hazardous,false,bleach solutions and bleach fixer solutions,,09,Wastes from the photographic industry,0901,wastes from the photographic industry,
090106,09 01 06,09 01 06*,true,MH,mirror hazardous,true,wastes containing silver from on-site treatment of photographic wastes,,09,Wastes from the photographic industry,0901,wastes from the photographic industry,
090107,09 01 07,09 01 07,false,AN,absolute non-hazardous,false,photographic film and paper containing silver or silver compounds,,09,Wastes from the photographic industry,0901,wastes from the photographic industry,
090108,09 01 08,09 01 08,false,AN,absolute non-hazardous,false,photographic film and paper free of silver or silver compounds,,09,Wastes from the photographic industry,0901,wastes from the photographic industry,
090110,09 01 10,09 01 10,false,AN,absolute non-hazardous,false,single-use cameras without batteries,,09,Wastes from the photographic industry,0901,wastes from the photographic industry,
090111,09 01 11,09 01 11*,true,AH,absolute hazardous,false,"single-use cameras containing batteries included in 16 06 01, 16 06 02 or 16 06 03",,09,Wastes from the photographic industry,0901,wastes from the photographic industry,
090112,09 01 12,09 01 12,false,AN,absolute non-hazardous,false,single-use cameras containing batteries other than those mentioned in 09 01 11,,09,Wastes from the photographic industry,0901,wastes from the photographic industry,
090113,09 01 13,09 01 13*,true,AH,absolute hazardous,false,aqueous liquid waste from on-site reclamation of silver other than those mentioned in 09 01 06,,09,Wastes from the photographic industry,0901,wastes from the photographic industry,
090199,09 01 99,09 01 99,false,MN,mirror non-hazardous,true,wastes not otherwise specified,,09,Wastes from the photographic industry,0901,wastes from the photographic industry,
100101,10 01 01,10 01 01,false,AN,absolute non-hazardous,false,"bottom ash, slag and boiler dust (excluding boiler dust mentioned in 10 01 04)",,10,Wastes from thermal processes,1001,wastes from power stations and other combustion plants (except 19),
100102,10 01 02,10 01 02,false,AN,absolute non-hazardous,false,coal fly ash,,10,Wastes from thermal processes,1001,wastes from power stations and other combustion plants (except 19),
100103,10 01 03,10 01 03,false,AN,absolute non-hazardous,false,fly ash from peat and untreated wood,,10,Wastes from thermal processes,1001,wastes from power stations and other combustion plants (except 19),
100104,10 01 04,10 01 04*,true,AH,absolute hazardous,false,oil fly ash and boiler dust,,10,Wastes from thermal processes,1001,wastes from power stations and other combustion plants (except 19),
100105,10 01 05,10 01 05,false,AN,absolute non-hazardous,false,calcium-based reaction wastes from flue-gas desulphurisation in solid form,,10,Wastes from thermal processes,1001,wastes from power stations and other combustion plants (except 19),
100107,10 01 07,10 01 07,false,AN,absolute non-hazardous,false,calcium-based reaction wastes from flue-gas desulphurisation in sludge form,,10,Wastes from thermal processes,1001,wastes from power stations and other combustion plants (except 19),
100109,10 01 09,10 01 09*,true,AH,absolute hazardous,false,sulphuric acid,,10,Wastes from thermal processes,1001,wastes from power stations and other combustion plants (except 19),
100113,10 01 13,10 01 13*,true,AH,absolute hazardous,false,fly ash from emulsified hydrocarbons used as fuel,,10,Wastes from thermal processes,1001,wastes from power stations and other combustion plants (except 19),
100114,10 01 14,10 01 14*,true,MH,mirror hazardous,true,"bottom ash, slag and boiler dust from co-incineration containing hazardous substances",,10,Wastes from thermal processes,1001,wastes from power stations and other combustion plants (except 19),100115
100115,10 01 15,10 01 15,false,MN,mirror non-hazardous,true,"bottom ash, slag and boiler dust from co-incineration other than those mentioned in 10 01 14",,10,Wastes from thermal processes,1001,wastes from power stations and other combustion plants (except 19),100114
100116,10 01 16,10 01 16*,true,MH,mirror hazardous,true,fly ash from co-incineration containing hazardous substances,,10,Wastes from thermal processes,1001,wastes from power stations and other combustion plants (except 19),100117
100117,10 01 17,10 01 17,false,MN,mirror non-hazardous,true,fly ash from co-incineration other than those mentioned in 10 01 16,,10,Wastes from thermal processes,1001,wastes from power stations and other combustion plants (except 19),100116
100118,10 01 18,10 01 18*,true,MH,mirror hazardous,true,wastes from gas cleaning containing hazardous substances,,10,Wastes from thermal processes,1001,wastes from power stations and other combustion plants (except 19),100119
100119,10 01 19,10 01 19,false,MN,mirror non-hazardous,true,"wastes from gas cleaning other than those mentioned in 10 01 05, 10 01 07 and 10 01 18",,10,Wastes from thermal processes,1001,wastes from power stations and other combustion plants (except 19),100118
100120,10 01 20,10 01 20*,true,MH,mirror hazardous,true,sludges from on-site effluent treatment containing hazardous substances,,10,Wastes from thermal processes,1001,wastes from power stations and other combustion plants (except 19),100121
100121,10 01 21,10 01 21,false,MN,mirror non-hazardous,true,sludges from on-site effluent treatment other than those mentioned in 10 01 20,,10,Wastes from thermal processes,1001,wastes from power stations and other combustion plants (except 19),100120
100122,10 01 22,10 01 22*,true,MH,mirror hazardous,true,aqueous sludges from boiler cleansing containing hazardous substances,,10,Wastes from thermal processes,1001,wastes from power stations and other combustion plants (except 19),100123
100123,10 01 23,10 01 23,false,MN,mirror non-hazardous,true,aqueous sludges from boiler cleansing other than those mentioned in 10 01 22,,10,Wastes from thermal processes,1001,wastes from power stations and other combustion plants (except 19),100122
100124,10 01 24,10 01 24,false,AN,absolute non-hazardous,false,sands from fluidised beds,,10,Wastes from thermal processes,1001,wastes from power stations and other combustion plants (except 19),
100125,10 01 25,10 01 25,false,AN,absolute non-hazardous,false,wastes from fuel storage and preparation of coal-fired power plants,,10,Wastes from thermal processes,1001,wastes from power stations and other combustion plants (except 19),
100126,10 01 26,10 01 26,false,AN,absolute non-hazardous,false,wastes from cooling-water treatment,,10,Wastes from thermal processes,1001,wastes from power stations and other combustion plants (except 19),
100199,10 01 99,10 01 99,false,AN,absolute non-hazardous,false,wastes not otherwise specified,,10,Wastes from thermal processes,1001,wastes from power stations and other combustion plants (except 19),
100201,10 02 01,10 02 01,false,AN,absolute non-hazardous,false,wastes from the processing of slag,,10,Wastes from thermal processes,1002,wastes from the iron and steel industry,
100202,10 02 02,10 02 02,false,AN,absolute non-hazardous,false,unprocessed slag,,10,Wastes from thermal processes,1002,wastes from the iron and steel industry,
100207,10 02 07,10 02 07*,true,MH,mirror hazardous,true,solid wastes from gas treatment containing hazardous substances,,10,Wastes from thermal processes,1002,wastes from the iron and steel industry,100208
100208,10 02 08,10 02 08,false,MN,mirror non-hazardous,true,solid wastes from gas treatment other than those mentioned in 10 02 07,,10,Wastes from thermal processes,1002,wastes from the iron and steel industry,100207
100210,10 02 10,10 02 10,false,AN,absolute non-hazardous,false,mill scales,,10,Wastes from thermal processes,1002,wastes from the iron and steel industry,
100211,10 02 11,10 02 11*,true,MH,mirror hazardous,true,wastes from cooling-water treatment containing oil,,10,Wastes from thermal processes,1002,wastes from the iron and steel industry,100212
100212,10 02 12,10 02 12,false,MN,mirror non-hazardous,true,wastes from cooling-water treatment other than those mentioned in 10 02 11,,10,Wastes from thermal processes,1002,wastes from the iron and steel industry,100211
100213,10 02 13,10 02 13*,true,MH,mirror hazardous,true,sludges and filter cakes from gas treatment containing hazardous substances,,10,Wastes from thermal processes,1002,wastes from the iron and steel industry,100214
100214,10 02 14,10 02 14,false,MN,mirror non-hazardous,true,sludges and filter cakes from gas treatment other than those mentioned in 10 02 13,,10,Wastes from thermal processes,1002,wastes from the iron and steel industry,100213
100215,10 02 15,10 02 15,false,MN,mirror non-hazardous,true,other sludges and filter cakes,,10,Wastes from thermal processes,1002,wastes from the iron and steel industry,
100299,10 02 99,10 02 99,false,AN,absolute non-hazardous,false,wastes not otherwise specified,,10,Wastes from thermal processes,1002,wastes from the iron and steel industry,
100302,10 03 02,10 03 02,false,AN,absolute non-hazardous,false,anode scraps,,10,Wastes from thermal processes,1003,wastes from aluminium thermal metallurgy,
100304,10 03 04,10 03 04*,true,AH,absolute hazardous,false,primary production slags,,10,Wastes from thermal processes,1003,wastes from aluminium thermal metallurgy,
100305,10 03 05,10 03 05,false,AN,absolute non-hazardous,false,waste alumina,,10,Wastes from thermal processes,1003,wastes from aluminium thermal metallurgy,
100308,10 03 08,10 03 08*,true,AH,absolute hazardous,false,salt slags from secondary production,,10,Wastes from thermal processes,1003,wastes from aluminium thermal metallurgy,
100309,10 03 09,10 03 09*,true,AH,absolute hazardous,false,black drosses from secondary production,,10,Wastes from thermal processes,1003,wastes from aluminium thermal metallurgy,
100315,10 03 15,10 03 15*,true,MH,mirror hazardous,true,"skimmings that are flammable or emit, upon contact with water, flammable gases in hazardous quantities",,10,Wastes from thermal processes,1003,wastes from aluminium thermal metallurgy,100316
100316,10 03 16,10 03 16,false,MN,mirror non-hazardous,true,skimmings other than those mentioned in 10 03 15,,10,Wastes from thermal processes,1003,wastes from aluminium thermal metallurgy,100315
100317,10 03 17,10 03 17*,true,AH,absolute hazardous,false,tar-containing wastes from anode manufacture,,10,Wastes from thermal processes,1003,wastes from aluminium thermal metallurgy,
100318,10 03 18,10 03 18,false,AN,absolute non-hazardous,false,carbon-containing wastes from anode manufacture other than those mentioned in 10 03 17,,10,Wastes from thermal processes,1003,wastes from aluminium thermal metallurgy,
100319,10 03 19,10 03 19*,true,MH,mirror hazardous,true,flue-gas dust containing hazardous substances,,10,Wastes from thermal processes,1003,wastes from aluminium thermal metallurgy,100320
100320,10 03 20,10 03 20,false,MN,mirror non-hazardous,true,flue-gas dust other than those mentioned in 10 03 19,,10,Wastes from thermal processes,1003,wastes from aluminium thermal metallurgy,100319
100321,10 03 21,10 03 21*,true,MH,mirror hazardous,true,other particulates and dust (including ball-mill dust) containing hazardous substances,,10,Wastes from thermal processes,1003,wastes from aluminium thermal metallurgy,100322
100322,10 03 22,10 03 22,false,MN,mirror non-hazardous,true,other particulates and dust (including ball-mill dust) other than those mentioned in 10 03 21,,10,Wastes from thermal processes,1003,wastes from aluminium thermal metallurgy,100321
100323,10 03 23,10 03 23*,true,MH,mirror hazardous,true,solid wastes from gas treatment containing hazardous substances,,10,Wastes from thermal processes,1003,wastes from aluminium thermal metallurgy,100324
100324,10 03 24,10 03 24,false,MN,mirror non-hazardous,true,solid wastes from gas treatment other than those mentioned in 10 03 23,,10,Wastes from thermal processes,1003,wastes from aluminium thermal metallurgy,100323
100325,10 03 25,10 03 25*,true,MH,mirror hazardous,true,sludges and filter cakes from gas treatment containing hazardous substances,,10,Wastes from thermal processes,1003,wastes from aluminium thermal metallurgy,100326
100326,10 03 26,10 03 26,false,MN,mirror non-hazardous,true,sludges and filter cakes from gas treatment other than those mentioned in 10 03 25,,10,Wastes from thermal processes,1003,wastes from aluminium thermal metallurgy,100325
100327,10 03 27,10 03 27*,true,MH,mirror hazardous,true,wastes from cooling-water treatment containing oil,,10,Wastes from thermal processes,1003,wastes from aluminium thermal metallurgy,100328
100328,10 03 28,10 03 28,false,MN,mirror non-hazardous,true,wastes from cooling-water treatment other than those mentioned in 10 03 27,,10,Wastes from thermal processes,1003,wastes from aluminium thermal metallurgy,100327
100329,10 03 29,10 03 29*,true,MH,mirror hazardous,true,wastes from treatment of salt slags and black drosses containing hazardous substances,,10,Wastes from thermal processes,1003,wastes from aluminium thermal metallurgy,100330
100330,10 03 30,10 03 30,false,MN,mirror non-hazardous,true,wastes from treatment of salt slags and black drosses other than those mentioned in 10 03 29,,10,Wastes from thermal processes,1003,wastes from aluminium thermal metallurgy,100329
100399,10 03 99,10 03 99,false,AN,absolute non-hazardous,false,wastes not otherwise specified,,10,Wastes from thermal processes,1003,wastes from aluminium thermal metallurgy,
100401,10 04 01,10 04 01*,true,AH,absolute hazardous,false,slags from primary and secondary production,,10,Wastes from thermal processes,1004,wastes from lead thermal metallurgy,
100402,10 04 02,10 04 02*,true,AH,absolute hazardous,false,dross and skimmings from primary and secondary production,,10,Wastes from thermal processes,1004,wastes from lead thermal metallurgy,
100403,10 04 03,10 04 03*,true,AH,absolute hazardous,false,calcium arsenate,,10,Wastes from thermal processes,1004,wastes from lead thermal metallurgy,
100404,10 04 04,10 04 04*,true,AH,absolute hazardous,false,flue-gas dust,,10,Wastes from thermal processes,1004,wastes from lead thermal metallurgy,
100405,10 04 05,10 04 05*,true,AH,absolute hazardous,false,other particulates and dust,,10,Wastes from thermal processes,1004,wastes from lead thermal metallurgy,
100406,10 04 06,10 04 06*,true,AH,absolute hazardous,false,solid wastes from gas treatment,,10,Wastes from thermal processes,1004,wastes from lead thermal metallurgy,
100407,10 04 07,10 04 07*,true,AH,absolute hazardous,false,sludges and filter cakes from gas treatment,,10,Wastes from thermal processes,1004,wastes from lead thermal metallurgy,
100409,10 04 09,10 04 09*,true,MH,mirror hazardous,true,wastes from cooling-water treatment containing oil,,10,Wastes from thermal processes,1004,wastes from lead thermal metallurgy,100410
100410,10 04 10,10 04 10,false,MN,mirror non-hazardous,true,wastes from cooling-water treatment other than those mentioned in 10 04 09,,10,Wastes from thermal processes,1004,wastes from lead thermal metallurgy,100409
100499,10 04 99,10 04 99,false,AN,absolute non-hazardous,false,wastes not otherwise specified,,10,Wastes from thermal processes,1004,wastes from lead thermal metallurgy,
100501,10 05 01,10 05 01,false,AN,absolute non-hazardous,false,slags from primary and secondary production,,10,Wastes from thermal processes,1005,wastes from zinc thermal metallurgy,
100503,10 05 03,10 05 03*,true,AH,absolute hazardous,false,flue-gas dust,,10,Wastes from thermal processes,1005,wastes from zinc thermal metallurgy,
100504,10 05 04,10 05 04,false,AN,absolute non-hazardous,false,other particulates and dust,,10,Wastes from thermal processes,1005,wastes from zinc thermal metallurgy,
100505,10 05 05,10 05 05*,true,AH,absolute hazardous,false,solid waste from gas treatment,,10,Wastes from thermal processes,1005,wastes from zinc thermal metallurgy,
100506,10 05 06,10 05 06*,true,AH,absolute hazardous,false,sludges and filter cakes from gas treatment,,10,Wastes from thermal processes,1005,wastes from zinc thermal metallurgy,
100508,10 05 08,10 05 08*,true,MH,mirror hazardous,true,wastes from cooling-water treatment containing oil,,10,Wastes from thermal processes,1005,wastes from zinc thermal metallurgy,100509
100509,10 05 09,10 05 09,false,MN,mirror non-hazardous,true,wastes from cooling-water treatment other than those mentioned in 10 05 08,,10,Wastes from thermal processes,1005,wastes from zinc thermal metallurgy,100508
100510,10 05 10,10 05 10*,true,MH,mirror hazardous,true,"dross and skimmings that are flammable or emit, upon contact with water, flammable gases in hazardous quantities",,10,Wastes from thermal processes,1005,wastes from zinc thermal metallurgy,100511
100511,10 05 11,10 05 11,false,MN,mirror non-hazardous,true,dross and skimmings other than those mentioned in 10 05 10,,10,Wastes from thermal processes,1005,wastes from zinc thermal metallurgy,100510
100599,10 05 99,10 05 99,false,AN,absolute non-hazardous,false,wastes not otherwise specified,,10,Wastes from thermal processes,1005,wastes from zinc thermal metallurgy,
100601,10 06 01,10 06 01,false,AN,absolute non-hazardous,false,slags from primary and secondary production,,10,Wastes from thermal processes,1006,wastes from copper thermal metallurgy,
100602,10 06 02,10 06 02,false,AN,absolute non-hazardous,false,dross and skimmings from primary and secondary production,,10,Wastes from thermal processes,1006,wastes from copper thermal metallurgy,
100603,10 06 03,10 06 03*,true,AH,absolute hazardous,false,flue-gas dust,,10,Wastes from thermal processes,1006,wastes from copper thermal metallurgy,
100604,10 06 04,10 06 04,false,AN,absolute non-hazardous,false,other particulates and dust,,10,Wastes from thermal processes,1006,wastes from copper thermal metallurgy,
100606,10 06 06,10 06 06*,true,AH,absolute hazardous,false,solid wastes from gas treatment,,10,Wastes from thermal processes,1006,wastes from copper thermal metallurgy,
100607,10 06 07,10 06 07*,true,AH,absolute hazardous,false,sludges and filter cakes from gas treatment,,10,Wastes from thermal processes,1006,wastes from copper thermal metallurgy,
100609,10 06 09,10 06 09*,true,MH,mirror hazardous,true,wastes from cooling-water treatment containing oil,,10,Wastes from thermal processes,1006,wastes from copper thermal metallurgy,100610
100610,10 06 10,10 06 10,false,MN,mirror non-hazardous,true,wastes from cooling-water treatment other than those mentioned in 10 06 09,,10,Wastes from thermal processes,1006,wastes from copper thermal metallurgy,100609
100699,10 06 99,10 06 99,false,AN,absolute non-hazardous,false,wastes not otherwise specified,,10,Wastes from thermal processes,1006,wastes from copper thermal metallurgy,
100701,10 07 01,10 07 01,false,AN,absolute non-hazardous,false,slags from primary and secondary production,,10,Wastes from thermal processes,1007,"wastes from silver, gold and platinum thermal metallurgy",
100702,10 07 02,10 07 02,false,AN,absolute non-hazardous,false,dross and skimmings from primary and secondary production,,10,Wastes from thermal processes,1007,"wastes from silver, gold and platinum thermal metallurgy",
100703,10 07 03,10 07 03,false,AN,absolute non-hazardous,false,solid wastes from gas treatment,,10,Wastes from thermal processes,1007,"wastes from silver, gold and platinum thermal metallurgy",
100704,10 07 04,10 07 04,false,AN,absolute non-hazardous,false,other particulates and dust,,10,Wastes from thermal processes,1007,"wastes from silver, gold and platinum thermal metallurgy",
100705,10 07 05,10 07 05,false,AN,absolute non-hazardous,false,sludges and filter cakes from gas treatment,,10,Wastes from thermal processes,1007,"wastes from silver, gold and platinum thermal metallurgy",
100707,10 07 07,10 07 07*,true,MH,mirror hazardous,true,wastes from cooling-water treatment containing oil,,10,Wastes from thermal processes,1007,"wastes from silver, gold and platinum thermal metallurgy",100708
100708,10 07 08,10 07 08,false,MN,mirror non-hazardous,true,wastes from cooling-water treatment other than those mentioned in 10 07 07,,10,Wastes from thermal processes,1007,"wastes from silver, gold and platinum thermal metallurgy",100707
100799,10 07 99,10 07 99,false,AN,absolute non-hazardous,false,wastes not otherwise specified,,10,Wastes from thermal processes,1007,"wastes from silver, gold and platinum thermal metallurgy",
100804,10 08 04,10 08 04,false,AN,absolute non-hazardous,false,particulates and dust,,10,Wastes from thermal processes,1008,wastes from other non-ferrous thermal metallurgy,
100808,10 08 08,10 08 08*,true,AH,absolute hazardous,false,salt slag from primary and secondary production,,10,Wastes from thermal processes,1008,wastes from other non-ferrous thermal metallurgy,
100809,10 08 09,10 08 09,false,AN,absolute non-hazardous,false,other slags,,10,Wastes from thermal processes,1008,wastes from other non-ferrous thermal metallurgy,
100810,10 08 10,10 08 10*,true,MH,mirror hazardous,true,"dross and skimmings that are flammable or emit, upon contact with water, flammable gases in hazardous quantities",,10,Wastes from thermal processes,1008,wastes from other non-ferrous thermal metallurgy,100811
100811,10 08 11,10 08 11,false,MN,mirror non-hazardous,true,dross and skimmings other than those mentioned in 10 08 10,,10,Wastes from thermal processes,1008,wastes from other non-ferrous thermal metallurgy,100810
100812,10 08 12,10 08 12*,true,AH,absolute hazardous,false,tar-containing wastes from anode manufacture,,10,Wastes from thermal processes,1008,wastes from other non-ferrous thermal metallurgy,
100813,10 08 13,10 08 13,false,AN,absolute non-hazardous,false,carbon-containing wastes from anode manufacture other than those mentioned in 10 08 12,,10,Wastes from thermal processes,1008,wastes from other non-ferrous thermal metallurgy,
100814,10 08 14,10 08 14,false,AN,absolute non-hazardous,false,anode scrap,,10,Wastes from thermal processes,1008,wastes from other non-ferrous thermal metallurgy,
100815,10 08 15,10 08 15*,true,MH,mirror hazardous,true,flue-gas dust containing hazardous substances,,10,Wastes from thermal processes,1008,wastes from other non-ferrous thermal metallurgy,100816
100816,10 08 16,10 08 16,false,MN,mirror non-hazardous,true,flue-gas dust other than those mentioned in 10 08 15,,10,Wastes from thermal processes,1008,wastes from other non-ferrous thermal metallurgy,100815
100817,10 08 17,10 08 17*,true,MH,mirror hazardous,true,sludges and filter cakes from flue-gas treatment containing hazardous substances,,10,Wastes from thermal processes,1008,wastes from other non-ferrous thermal metallurgy,100818
100818,10 08 18,10 08 18,false,MN,mirror non-hazardous,true,sludges and filter cakes from flue-gas treatment other than those mentioned in 10 08 17,,10,Wastes from thermal processes,1008,wastes from other non-ferrous thermal metallurgy,100817
100819,10 08 19,10 08 19*,true,MH,mirror hazardous,true,wastes from cooling-water treatment containing oil,,10,Wastes from thermal processes,1008,wastes from other non-ferrous thermal metallurgy,100820
100820,10 08 20,10 08 20,false,MN,mirror non-hazardous,true,wastes from cooling-water treatment other than those mentioned in 10 08 19,,10,Wastes from thermal processes,1008,wastes from other non-ferrous thermal metallurgy,100819
100899,10 08 99,10 08 99,false,AN,absolute non-hazardous,false,wastes not otherwise specified,,10,Wastes from thermal processes,1008,wastes from other non-ferrous thermal metallurgy,
100903,10 09 03,10 09 03,false,AN,absolute non-hazardous,false,furnace slag,,10,Wastes from thermal processes,1009,wastes from casting of ferrous pieces,
100905,10 09 05,10 09 05*,true,MH,mirror hazardous,true,casting cores and moulds which have not undergone pouring containing hazardous substances,,10,Wastes from thermal processes,1009,wastes from casting of ferrous pieces,100906
100906,10 09 06,10 09 06,false,MN,mirror non-hazardous,true,casting cores and moulds which have not undergone pouring other than those mentioned in 10 09 05,,10,Wastes from thermal processes,1009,wastes from casting of ferrous pieces,100905
100907,10 09 07,10 09 07*,true,MH,mirror hazardous,true,casting cores and moulds which have undergone pouring containing hazardous substances,,10,Wastes from thermal processes,1009,wastes from casting of ferrous pieces,100908
100908,10 09 08,10 09 08,false,MN,mirror non-hazardous,true,casting cores and moulds which have undergone pouring other than those mentioned in 10 09 07,,10,Wastes from thermal processes,1009,wastes from casting of ferrous pieces,100907
100909,10 09 09,10 09 09*,true,MH,mirror hazardous,true,flue-gas dust containing hazardous substances,,10,Wastes from thermal processes,1009,wastes from casting of ferrous pieces,100910
100910,10 09 10,10 09 10,false,MN,mirror non-hazardous,true,flue-gas dust other than those mentioned in 10 09 09,,10,Wastes from thermal processes,1009,wastes from casting of ferrous pieces,100909
100911,10 09 11,10 09 11*,true,MH,mirror hazardous,true,other particulates containing hazardous substances,,10,Wastes from thermal processes,1009,wastes from casting of ferrous pieces,100912
100912,10 09 12,10 09 12,false,MN,mirror non-hazardous,true,other particulates other than those mentioned in 10 09 11,,10,Wastes from thermal processes,1009,wastes from casting of ferrous pieces,100911
100913,10 09 13,10 09 13*,true,MH,mirror hazardous,true,waste binders containing hazardous substances,,10,Wastes from thermal processes,1009,wastes from casting of ferrous pieces,100914
100914,10 09 14,10 09 14,false,MN,mirror non-hazardous,true,waste binders other than those mentioned in 10 09 13,,10,Wastes from thermal processes,1009,wastes from casting of ferrous pieces,100913
100915,10 09 15,10 09 15*,true,MH,mirror hazardous,true,waste crack-indicating agent containing hazardous substances,,10,Wastes from thermal processes,1009,wastes from casting of ferrous pieces,100916
100916,10 09 16,10 09 16,false,MN,mirror non-hazardous,true,waste crack-indicating agent other than those mentioned in 10 09 15,,10,Wastes from thermal processes,1009,wastes from casting of ferrous pieces,100915
100999,10 09 99,10 09 99,false,AN,absolute non-hazardous,false,wastes not otherwise specified,,10,Wastes from thermal processes,1009,wastes from casting of ferrous pieces,
101003,10 10 03,10 10 03,false,AN,absolute non-hazardous,false,furnace slag,,10,Wastes from thermal processes,1010,wastes from casting of non-ferrous pieces,
101005,10 10 05,10 10 05*,true,MH,mirror hazardous,true,"casting cores and moulds which have not undergone pouring, containing hazardous substances",,10,Wastes from thermal processes,1010,wastes from casting of non-ferrous pieces,101006
101006,10 10 06,10 10 06,false,MN,mirror non-hazardous,true,"casting cores and moulds which have not undergone pouring, other than those mentioned in 10 10 05",,10,Wastes from thermal processes,1010,wastes from casting of non-ferrous pieces,101005
101007,10 10 07,10 10 07*,true,MH,mirror hazardous,true,"casting cores and moulds which have undergone pouring, containing hazardous substances",,10,Wastes from thermal processes,1010,wastes from casting of non-ferrous pieces,101008
101008,10 10 08,10 10 08,false,MN,mirror non-hazardous,true,"casting cores and moulds which have undergone pouring, other than those mentioned in 10 10 07",,10,Wastes from thermal processes,1010,wastes from casting of non-ferrous pieces,101007
101009,10 10 09,10 10 09*,true,MH,mirror hazardous,true,flue-gas dust containing hazardous substances,,10,Wastes from thermal processes,1010,wastes from casting of non-ferrous pieces,101010
101010,10 10 10,10 10 10,false,MN,mirror non-hazardous,true,flue-gas dust other than those mentioned in 10 10 09,,10,Wastes from thermal processes,1010,wastes from casting of non-ferrous pieces,101009
101011,10 10 11,10 10 11*,true,MH,mirror hazardous,true,other particulates containing hazardous substances,,10,Wastes from thermal processes,1010,wastes from casting of non-ferrous pieces,101012
101012,10 10 12,10 10 12,false,MN,mirror non-hazardous,true,other particulates other than those mentioned in 10 10 11,,10,Wastes from thermal processes,1010,wastes from casting of non-ferrous pieces,101011
101013,10 10 13,10 10 13*,true,MH,mirror hazardous,true,waste binders containing hazardous substances,,10,Wastes from thermal processes,1010,wastes from casting of non-ferrous pieces,101014
101014,10 10 14,10 10 14,false,MN,mirror non-hazardous,true,waste binders other than those mentioned in 10 10 13,,10,Wastes from thermal processes,1010,wastes from casting of non-ferrous pieces,101013
101015,10 10 15,10 10 15*,true,MH,mirror hazardous,true,waste crack-indicating agent containing hazardous substances,,10,Wastes from thermal processes,1010,wastes from casting of non-ferrous pieces,101016
101016,10 10 16,10 10 16,false,MN,mirror non-hazardous,true,waste crack-indicating agent other than those mentioned in 10 10 15,,10,Wastes from thermal processes,1010,wastes from casting of non-ferrous pieces,101015
101099,10 10 99,10 10 99,false,AN,absolute non-hazardous,false,wastes not otherwise specified,,10,Wastes from thermal processes,1010,wastes from casting of non-ferrous pieces,
101103,10 11 03,10 11 03,false,AN,absolute non-hazardous,false,waste glass-based fibrous materials,,10,Wastes from thermal processes,1011,wastes from manufacture of glass and glass products,
101105,10 11 05,10 11 05,false,AN,absolute non-hazardous,false,particulates and dust,,10,Wastes from thermal processes,1011,wastes from manufacture of glass and glass products,
101109,10 11 09,10 11 09*,true,MH,mirror hazardous,true,"waste preparation mixture before thermal processing, containing hazardous substances",,10,Wastes from thermal processes,1011,wastes from manufacture of glass and glass products,101110
101110,10 11 10,10 11 10,false,MN,mirror non-hazardous,true,"waste preparation mixture before thermal processing, other than those mentioned in 10 11 09",,10,Wastes from thermal processes,1011,wastes from manufacture of glass and glass products,101109
101111,10 11 11,10 11 11*,true,MH,mirror hazardous,true,waste glass in small particles and glass powder containing heavy metals (for example from cathode ray tubes),,10,Wastes from thermal processes,1011,wastes from manufacture of glass and glass products,101112
101112,10 11 12,10 11 12,false,MN,mirror non-hazardous,true,waste glass other than those mentioned in 10 11 11,,10,Wastes from thermal processes,1011,wastes from manufacture of glass and glass products,101111
101113,10 11 13,10 11 13*,true,MH,mirror hazardous,true,glass-polishing and -grinding sludge containing hazardous substances,,10,Wastes from thermal processes,1011,wastes from manufacture of glass and glass products,101114
101114,10 11 14,10 11 14,false,MN,mirror non-hazardous,true,glass-polishing and -grinding sludge other than those mentioned in 10 11 13,,10,Wastes from thermal processes,1011,wastes from manufacture of glass and glass products,101113
101115,10 11 15,10 11 15*,true,MH,mirror hazardous,true,solid wastes from flue-gas treatment containing hazardous substances,,10,Wastes from thermal processes,1011,wastes from manufacture of glass and glass products,101116
101116,10 11 16,10 11 16,false,MN,mirror non-hazardous,true,solid wastes from flue-gas treatment other than those mentioned in 10 11 15,,10,Wastes from thermal processes,1011,wastes from manufacture of glass and glass products,101115
101117,10 11 17,10 11 17*,true,MH,mirror hazardous,true,sludges and filter cakes from flue-gas treatment containing hazardous substances,,10,Wastes from thermal processes,1011,wastes from manufacture of glass and glass products,101118
101118,10 11 18,10 11 18,false,MN,mirror non-hazardous,true,sludges and filter cakes from flue-gas treatment other than those mentioned in 10 11 17,,10,Wastes from thermal processes,1011,wastes from manufacture of glass and glass products,101117
101119,10 11 19,10 11 19*,true,MH,mirror hazardous,true,solid wastes from on-site effluent treatment containing hazardous substances,,10,Wastes from thermal processes,1011,wastes from manufacture of glass and glass products,101120
101120,10 11 20,10 11 20,false,MN,mirror non-hazardous,true,solid wastes from on-site effluent treatment other than those mentioned in 10 11 19,,10,Wastes from thermal processes,1011,wastes from manufacture of glass and glass products,101119
101199,10 11 99,10 11 99,false,AN,absolute non-hazardous,false,wastes not otherwise specified,,10,Wastes from thermal processes,1011,wastes from manufacture of glass and glass products,
101201,10 12 01,10 12 01,false,AN,absolute non-hazardous,false,waste preparation mixture before thermal processing,,10,Wastes from thermal processes,1012,"wastes from manufacture of ceramic goods, bricks, tiles and construction products",
101203,10 12 03,10 12 03,false,AN,absolute non-hazardous,false,particulates and dust,,10,Wastes from thermal processes,1012,"wastes from manufacture of ceramic goods, bricks, tiles and construction products",
101205,10 12 05,10 12 05,false,AN,absolute non-hazardous,false,sludges and filter cakes from gas treatment,,10,Wastes from thermal processes,1012,"wastes from manufacture of ceramic goods, bricks, tiles and construction products",
101206,10 12 06,10 12 06,false,AN,absolute non-hazardous,false,discarded moulds,,10,Wastes from thermal processes,1012,"wastes from manufacture of ceramic goods, bricks, tiles and construction products",
101208,10 12 08,10 12 08,false,AN,absolute non-hazardous,false,"waste ceramics, bricks, tiles and construction products (after thermal processing)",,10,Wastes from thermal processes,1012,"wastes from manufacture of ceramic goods, bricks, tiles and construction products",
101209,10 12 09,10 12 09*,true,MH,mirror hazardous,true,solid wastes from gas treatment containing hazardous substances,,10,Wastes from thermal processes,1012,"wastes from manufacture of ceramic goods, bricks, tiles and construction products",101210
101210,10 12 10,10 12 10,false,MN,mirror non-hazardous,true,solid wastes from gas treatment other than those mentioned in 10 12 09,,10,Wastes from thermal processes,1012,"wastes from manufacture of ceramic goods, bricks, tiles and construction products",101209
101211,10 12 11,10 12 11*,true,MH,mirror hazardous,true,wastes from glazing containing heavy metals,,10,Wastes from thermal processes,1012,"wastes from manufacture of ceramic goods, bricks, tiles and construction products",101212
101212,10 12 12,10 12 12,false,MN,mirror non-hazardous,true,wastes from glazing other than those mentioned in 10 12 11,,10,Wastes from thermal processes,1012,"wastes from manufacture of ceramic goods, bricks, tiles and construction products",101211
101213,10 12 13,10 12 13,false,AN,absolute non-hazardous,false,sludge from on-site effluent treatment,,10,Wastes from thermal processes,1012,"wastes from manufacture of ceramic goods, bricks, tiles and construction products",
101299,10 12 99,10 12 99,false,AN,absolute non-hazardous,false,wastes not otherwise specified,,10,Wastes from thermal processes,1012,"wastes from manufacture of ceramic goods, bricks, tiles and construction products",
101301,10 13 01,10 13 01,false,AN,absolute non-hazardous,false,waste preparation mixture before thermal processing,,10,Wastes from thermal processes,1013,"wastes from manufacture of cement, lime and plaster and articles and products made from them",
101304,10 13 04,10 13 04,false,AN,absolute non-hazardous,false,wastes from calcination and hydration of lime,,10,Wastes from thermal processes,1013,"wastes from manufacture of cement, lime and plaster and articles and products made from them",
101306,10 13 06,10 13 06,false,MN,mirror non-hazardous,true,particulates and dust (except 10 13 12 and 10 13 13),,10,Wastes from thermal processes,1013,"wastes from manufacture of cement, lime and plaster and articles and products made from them",101312
101307,10 13 07,10 13 07,false,AN,absolute non-hazardous,false,sludges and filter cakes from gas treatment,,10,Wastes from thermal processes,1013,"wastes from manufacture of cement, lime and plaster and articles and products made from them",
101309,10 13 09,10 13 09*,true,MH,mirror hazardous,true,wastes from asbestos-cement manufacture containing asbestos,,10,Wastes from thermal processes,1013,"wastes from manufacture of cement, lime and plaster and articles and products made from them",101310;101311
101310,10 13 10,10 13 10,false,MN,mirror non-hazardous,true,wastes from asbestos-cement manufacture other than those mentioned in 10 13 09,,10,Wastes from thermal processes,1013,"wastes from manufacture of cement, lime and plaster and articles and products made from them",101309
101311,10 13 11,10 13 11,false,MN,mirror non-hazardous,true,wastes from cement-based composite materials other than those mentioned in 10 13 09 and 10 13 10,,10,Wastes from thermal processes,1013,"wastes from manufacture of cement, lime and plaster and articles and products made from them",101309
101312,10 13 12,10 13 12*,true,MH,mirror hazardous,true,solid wastes from gas treatment containing hazardous substances,,10,Wastes from thermal processes,1013,"wastes from manufacture of cement, lime and plaster and articles and products made from them",101306;101313
101313,10 13 13,10 13 13,false,MN,mirror non-hazardous,true,solid wastes from gas treatment other than those mentioned in 10 13 12,,10,Wastes from thermal processes,1013,"wastes from manufacture of cement, lime and plaster and articles and products made from them",101312
101314,10 13 14,10 13 14,false,AN,absolute non-hazardous,false,waste concrete and concrete sludge,,10,Wastes from thermal processes,1013,"wastes from manufacture of cement, lime and plaster and articles and products made from them",
101399,10 13 99,10 13 99,false,AN,absolute non-hazardous,false,wastes not otherwise specified,,10,Wastes from thermal processes,1013,"wastes from manufacture of cement, lime and plaster and articles and products made from them",
101401,10 14 01,10 14 01*,true,MH,mirror hazardous,true,waste from gas cleaning containing mercury,,10,Wastes from thermal processes,1014,waste from crematoria,
110105,11 01 05,11 01 05*,true,AH,absolute hazardous,false,pickling acids,,11,Wastes from chemical surface treatment and coating of metals and other materials; non-ferrous hydro-metallurgy,1101,"wastes from chemical surface treatment and coating of metals and other materials (for example galvanic processes, zinc coating processes, pickling processes, etching, phosphating, alkaline degreasing, anodising)",
110106,11 01 06,11 01 06*,true,AH,absolute hazardous,false,acids not otherwise specified,,11,Wastes from chemical surface treatment and coating of metals and other materials; non-ferrous hydro-metallurgy,1101,"wastes from chemical surface treatment and coating of metals and other materials (for example galvanic processes, zinc coating processes, pickling processes, etching, phosphating, alkaline degreasing, anodising)",
110107,11 01 07,11 01 07*,true,AH,absolute hazardous,false,pickling bases,,11,Wastes from chemical surface treatment and coating of metals and other materials; non-ferrous hydro-metallurgy,1101,"wastes from chemical surface treatment and coating of metals and other materials (for example galvanic processes, zinc coating processes, pickling processes, etching, phosphating, alkaline degreasing, anodising)",
110108,11 01 08,11 01 08*,true,AH,absolute hazardous,false,phosphatising sludges,,11,Wastes from chemical surface treatment and coating of metals and other materials; non-ferrous hydro-metallurgy,1101,"wastes from chemical surface treatment and coating of metals and other materials (for example galvanic processes, zinc coating processes, pickling processes, etching, phosphating, alkaline degreasing, anodising)",
110109,11 01 09,11 01 09*,true,MH,mirror hazardous,true,sludges and filter cakes containing hazardous substances,,11,Wastes from chemical surface treatment and coating of metals and other materials; non-ferrous hydro-metallurgy,1101,"wastes from chemical surface treatment and coating of metals and other materials (for example galvanic processes, zinc coating processes, pickling processes, etching, phosphating, alkaline degreasing, anodising)",110110
110110,11 01 10,11 01 10,false,MN,mirror non-hazardous,true,sludges and filter cakes other than those mentioned in 11 01 09,,11,Wastes from chemical surface treatment and coating of metals and other materials; non-ferrous hydro-metallurgy,1101,"wastes from chemical surface treatment and coating of metals and other materials (for example galvanic processes, zinc coating processes, pickling processes, etching, phosphating, alkaline degreasing, anodising)",110109
110111,11 01 11,11 01 11*,true,MH,mirror hazardous,true,aqueous rinsing liquids containing hazardous substances,,11,Wastes from chemical surface treatment and coating of metals and other materials; non-ferrous hydro-metallurgy,1101,"wastes from chemical surface treatment and coating of metals and other materials (for example galvanic processes, zinc coating processes, pickling processes, etching, phosphating, alkaline degreasing, anodising)",110112
110112,11 01 12,11 01 12,false,MN,mirror non-hazardous,true,aqueous rinsing liquids other than those mentioned in 11 01 11,,11,Wastes from chemical surface treatment and coating of metals and other materials; non-ferrous hydro-metallurgy,1101,"wastes from chemical surface treatment and coating of metals and other materials (for example galvanic processes, zinc coating processes, pickling processes, etching, phosphating, alkaline degreasing, anodising)",110111
110113,11 01 13,11 01 13*,true,MH,mirror hazardous,true,degreasing wastes containing hazardous substances,,11,Wastes from chemical surface treatment and coating of metals and other materials; non-ferrous hydro-metallurgy,1101,"wastes from chemical surface treatment and coating of metals and other materials (for example galvanic processes, zinc coating processes, pickling processes, etching, phosphating, alkaline degreasing, anodising)",110114
110114,11 01 14,11 01 14,false,MN,mirror non-hazardous,true,degreasing wastes other than those mentioned in 11 01 13,,11,Wastes from chemical surface treatment and coating of metals and other materials; non-ferrous hydro-metallurgy,1101,"wastes from chemical surface treatment and coating of metals and other materials (for example galvanic processes, zinc coating processes, pickling processes, etching, phosphating, alkaline degreasing, anodising)",110113
110115,11 01 15,11 01 15*,true,MH,mirror hazardous,true,eluate and sludges from membrane systems or ion exchange systems containing hazardous substances,,11,Wastes from chemical surface treatment and coating of metals and other materials; non-ferrous hydro-metallurgy,1101,"wastes from chemical surface treatment and coating of metals and other materials (for example galvanic processes, zinc coating processes, pickling processes, etching, phosphating, alkaline degreasing, anodising)",
110116,11 01 16,11 01 16*,true,AH,absolute hazardous,false,saturated or spent ion exchange resins,,11,Wastes from chemical surface treatment and coating of metals and other materials; non-ferrous hydro-metallurgy,1101,"wastes from chemical surface treatment and coating of metals and other materials (for example galvanic processes, zinc coating processes, pickling processes, etching, phosphating, alkaline degreasing, anodising)",
110198,11 01 98,11 01 98*,true,MH,mirror hazardous,true,other wastes containing hazardous substances,,11,Wastes from chemical surface treatment and coating of metals and other materials; non-ferrous hydro-metallurgy,1101,"wastes from chemical surface treatment and coating of metals and other materials (for example galvanic processes, zinc coating processes, pickling processes, etching, phosphating, alkaline degreasing, anodising)",
110199,11 01 99,11 01 99,false,MN,mirror non-hazardous,true,wastes not otherwise specified,,11,Wastes from chemical surface treatment and coating of metals and other materials; non-ferrous hydro-metallurgy,1101,"wastes from chemical surface treatment and coating of metals and other materials (for example galvanic processes, zinc coating processes, pickling processes, etching, phosphating, alkaline degreasing, anodising)",
110202,11 02 02,11 02 02*,true,AH,absolute hazardous,false,"sludges from zinc hydrometallurgy (including jarosite, goethite)",,11,Wastes from chemical surface treatment and coating of metals and other materials; non-ferrous hydro-metallurgy,1102,wastes from non-ferrous hydrometallurgical processes,
110203,11 02 03,11 02 03,false,AN,absolute non-hazardous,false,wastes from the production of anodes for aqueous electrolytical processes,,11,Wastes from chemical surface treatment and coating of metals and other materials; non-ferrous hydro-metallurgy,1102,wastes from non-ferrous hydrometallurgical processes,
110205,11 02 05,11 02 05*,true,MH,mirror hazardous,true,wastes from copper hydrometallurgical processes containing hazardous substances,,11,Wastes from chemical surface treatment and coating of metals and other materials; non-ferrous hydro-metallurgy,1102,wastes from non-ferrous hydrometallurgical processes,110206
110206,11 02 06,11 02 06,false,MN,mirror non-hazardous,true,wastes from copper hydrometallurgical processes other than those mentioned in 11 02 05,,11,Wastes from chemical surface treatment and coating of metals and other materials; non-ferrous hydro-metallurgy,1102,wastes from non-ferrous hydrometallurgical processes,110205
110207,11 02 07,11 02 07*,true,MH,mirror hazardous,true,other wastes containing hazardous substances,,11,Wastes from chemical surface treatment and coating of metals and other materials; non-ferrous hydro-metallurgy,1102,wastes from non-ferrous hydrometallurgical processes,
110299,11 02 99,11 02 99,false,MN,mirror non-hazardous,true,wastes not otherwise specified,,11,Wastes from chemical surface treatment and coating of metals and other materials; non-ferrous hydro-metallurgy,1102,wastes from non-ferrous hydrometallurgical processes,
110301,11 03 01,11 03 01*,true,AH,absolute hazardous,false,wastes containing cyanide,,11,Wastes from chemical surface treatment and coating of metals and other materials; non-ferrous hydro-metallurgy,1103,sludges and solids from tempering processes,
110302,11 03 02,11 03 02*,true,AH,absolute hazardous,false,other wastes,,11,Wastes from chemical surface treatment and coating of metals and other materials; non-ferrous hydro-metallurgy,1103,sludges and solids from tempering processes,
110501,11 05 01,11 05 01,false,AN,absolute non-hazardous,false,hard zinc,,11,Wastes from chemical surface treatment and coating of metals and other materials; non-ferrous hydro-metallurgy,1105,wastes from hot galvanising processes,
110502,11 05 02,11 05 02,false,AN,absolute non-hazardous,false,zinc ash,,11,Wastes from chemical surface treatment and coating of metals and other materials; non-ferrous hydro-metallurgy,1105,wastes from hot galvanising processes,
110503,11 05 03,11 05 03*,true,AH,absolute hazardous,false,solid wastes from gas treatment,,11,Wastes from chemical surface treatment and coating of metals and other materials; non-ferrous hydro-metallurgy,1105,wastes from hot galvanising processes,
110504,11 05 04,11 05 04*,true,AH,absolute hazardous,false,spent flux,,11,Wastes from chemical surface treatment and coating of metals and other materials; non-ferrous hydro-metallurgy,1105,wastes from hot galvanising processes,
110599,11 05 99,11 05 99,false,AN,absolute non-hazardous,false,wastes not otherwise specified,,11,Wastes from chemical surface treatment and coating of metals and other materials; non-ferrous hydro-metallurgy,1105,wastes from hot galvanising processes,
120101,12 01 01,12 01 01,false,AN,absolute non-hazardous,false,ferrous metal filings and turnings,,12,Wastes from shaping and physical and mechanical surface treatment of metals and plastics,1201,wastes from shaping and physical and mechanical surface treatment of metals and plastics,
120102,12 01 02,12 01 02,false,AN,absolute non-hazardous,false,ferrous metal dust and particles,,12,Wastes from shaping and physical and mechanical surface treatment of metals and plastics,1201,wastes from shaping and physical and mechanical surface treatment of metals and plastics,
120103,12 01 03,12 01 03,false,AN,absolute non-hazardous,false,non-ferrous metal filings and turnings,,12,Wastes from shaping and physical and mechanical surface treatment of metals and plastics,1201,wastes from shaping and physical and mechanical surface treatment of metals and plastics,
120104,12 01 04,12 01 04,false,AN,absolute non-hazardous,false,non-ferrous metal dust and particles,,12,Wastes from shaping and physical and mechanical surface treatment of metals and plastics,1201,wastes from shaping and physical and mechanical surface treatment of metals and plastics,
120105,12 01 05,12 01 05,false,AN,absolute non-hazardous,false,plastics shavings and turnings,,12,Wastes from shaping and physical and mechanical surface treatment of metals and plastics,1201,wastes from shaping and physical and mechanical surface treatment of metals and plastics,
120106,12 01 06,12 01 06*,true,AH,absolute hazardous,false,mineral-based machining oils containing halogens (except emulsions and solutions),,12,Wastes from shaping and physical and mechanical surface treatment of metals and plastics,1201,wastes from shaping and physical and mechanical surface treatment of metals and plastics,
120107,12 01 07,12 01 07*,true,AH,absolute hazardous,false,mineral-based machining oils free of halogens (except emulsions and solutions),,12,Wastes from shaping and physical and mechanical surface treatment of metals and plastics,1201,wastes from shaping and physical and mechanical surface treatment of metals and plastics,
120108,12 01 08,12 01 08*,true,AH,absolute hazardous,false,machining emulsions and solutions containing halogens,,12,Wastes from shaping and physical and mechanical surface treatment of metals and plastics,1201,wastes from shaping and physical and mechanical surface treatment of metals and plastics,
120109,12 01 09,12 01 09*,true,AH,absolute hazardous,false,machining emulsions and solutions free of halogens,,12,Wastes from shaping and physical and mechanical surface treatment of metals and plastics,1201,wastes from shaping and physical and mechanical surface treatment of metals and plastics,
120110,12 01 10,12 01 10*,true,AH,absolute hazardous,false,synthetic machining oils,,12,Wastes from shaping and physical and mechanical surface treatment of metals and plastics,1201,wastes from shaping and physical and mechanical surface treatment of metals and plastics,
120112,12 01 12,12 01 12*,true,AH,absolute hazardous,false,spent waxes and fats,,12,Wastes from shaping and physical and mechanical surface treatment of metals and plastics,1201,wastes from shaping and physical and mechanical surface treatment of metals and plastics,
120113,12 01 13,12 01 13,false,AN,absolute non-hazardous,false,welding wastes,,12,Wastes from shaping and physical and mechanical surface treatment of metals and plastics,1201,wastes from shaping and physical and mechanical surface treatment of metals and plastics,
120114,12 01 14,12 01 14*,true,MH,mirror hazardous,true,machining sludges containing hazardous substances,,12,Wastes from shaping and physical and mechanical surface treatment of metals and plastics,1201,wastes from shaping and physical and mechanical surface treatment of metals and plastics,120115
120115,12 01 15,12 01 15,false,MN,mirror non-hazardous,true,machining sludges other than those mentioned in 12 01 14,,12,Wastes from shaping and physical and mechanical surface treatment of metals and plastics,1201,wastes from shaping and physical and mechanical surface treatment of metals and plastics,120114
120116,12 01 16,12 01 16*,true,MH,mirror hazardous,true,waste blasting material containing hazardous substances,,12,Wastes from shaping and physical and mechanical surface treatment of metals and plastics,1201,wastes from shaping and physical and mechanical surface treatment of metals and plastics,120117
120117,12 01 17,12 01 17,false,MN,mirror non-hazardous,true,waste blasting material other than those mentioned in 12 01 16,,12,Wastes from shaping and physical and mechanical surface treatment of metals and plastics,1201,wastes from shaping and physical and mechanical surface treatment of metals and plastics,120116
120118,12 01 18,12 01 18*,true,MH,mirror hazardous,true,"metal sludge (grinding, honing and lapping sludge) containing oil",,12,Wastes from shaping and physical and mechanical surface treatment of metals and plastics,1201,wastes from shaping and physical and mechanical surface treatment of metals and plastics,
120119,12 01 19,12 01 19*,true,AH,absolute hazardous,false,readily biodegradable machining oil,,12,Wastes from shaping and physical and mechanical surface treatment of metals and plastics,1201,wastes from shaping and physical and mechanical surface treatment of metals and plastics,
120120,12 01 20,12 01 20*,true,MH,mirror hazardous,true,spent grinding bodies and grinding materials containing hazardous substances,,12,Wastes from shaping and physical and mechanical surface treatment of metals and plastics,1201,wastes from shaping and physical and mechanical surface treatment of metals and plastics,120121
120121,12 01 21,12 01 21,false,MN,mirror non-hazardous,true,spent grinding bodies and grinding materials other than those mentioned in 12 01 20,,12,Wastes from shaping and physical and mechanical surface treatment of metals and plastics,1201,wastes from shaping and physical and mechanical surface treatment of metals and plastics,120120
120199,12 01 99,12 01 99,false,MN,mirror non-hazardous,true,wastes not otherwise specified,,12,Wastes from shaping and physical and mechanical surface treatment of metals and plastics,1201,wastes from shaping and physical and mechanical surface treatment of metals and plastics,
120301,12 03 01,12 03 01*,true,AH,absolute hazardous,false,aqueous washing liquids,,12,Wastes from shaping and physical and mechanical surface treatment of metals and plastics,1203,wastes from water and steam degreasing processes (except 11),
120302,12 03 02,12 03 02*,true,AH,absolute hazardous,false,steam degreasing wastes,,12,Wastes from shaping and physical and mechanical surface treatment of metals and plastics,1203,wastes from water and steam degreasing processes (except 11),
130101,13 01 01,13 01 01*,true,AH,absolute hazardous,false,"hydraulic oils, containing PCBs",,13,"Oil wastes and wastes of liquid fuels (except edible oils, and those in chapters 05, 12 and 19)",1301,waste hydraulic oils,
130104,13 01 04,13 01 04*,true,AH,absolute hazardous,false,chlorinated emulsions,,13,"Oil wastes and wastes of liquid fuels (except edible oils, and those in chapters 05, 12 and 19)",1301,waste hydraulic oils,
130105,13 01 05,13 01 05*,true,AH,absolute hazardous,false,non-chlorinated emulsions,,13,"Oil wastes and wastes of liquid fuels (except edible oils, and those in chapters 05, 12 and 19)",1301,waste hydraulic oils,
130109,13 01 09,13 01 09*,true,AH,absolute hazardous,false,mineral-based chlorinated hydraulic oils,,13,"Oil wastes and wastes of liquid fuels (except edible oils, and those in chapters 05, 12 and 19)",1301,waste hydraulic oils,
130110,13 01 10,13 01 10*,true,AH,absolute hazardous,false,mineral based non-chlorinated hydraulic oils,,13,"Oil wastes and wastes of liquid fuels (except edible oils, and those in chapters 05, 12 and 19)",1301,waste hydraulic oils,
130111,13 01 11,13 01 11*,true,AH,absolute hazardous,false,synthetic hydraulic oils,,13,"Oil wastes and wastes of liquid fuels (except edible oils, and those in chapters 05, 12 and 19)",1301,waste hydraulic oils,
130112,13 01 12,13 01 12*,true,AH,absolute hazardous,false,readily biodegradable hydraulic oils,,13,"Oil wastes and wastes of liquid fuels (except edible oils, and those in chapters 05, 12 and 19)",1301,waste hydraulic oils,
130113,13 01 13,13 01 13*,true,AH,absolute hazardous,false,other hydraulic oils,,13,"Oil wastes and wastes of liquid fuels (except edible oils, and those in chapters 05, 12 and 19)",1301,waste hydraulic oils,
130204,13 02 04,13 02 04*,true,AH,absolute hazardous,false,"mineral-based chlorinated engine, gear and lubricating oils",,13,"Oil wastes and wastes of liquid fuels (except edible oils, and those in chapters 05, 12 and 19)",1302,"waste engine, gear and lubricating oils",
130205,13 02 05,13 02 05*,true,AH,absolute hazardous,false,"mineral-based non-chlorinated engine, gear and lubricating oils",,13,"Oil wastes and wastes of liquid fuels (except edible oils, and those in chapters 05, 12 and 19)",1302,"waste engine, gear and lubricating oils",
130206,13 02 06,13 02 06*,true,AH,absolute hazardous,false,"synthetic engine, gear and lubricating oils",,13,"Oil wastes and wastes of liquid fuels (except edible oils, and those in chapters 05, 12 and 19)",1302,"waste engine, gear and lubricating oils",
130207,13 02 07,13 02 07*,true,AH,absolute hazardous,false,"readily biodegradable engine, gear and lubricating oils",,13,"Oil wastes and wastes of liquid fuels (except edible oils, and those in chapters 05, 12 and 19)",1302,"waste engine, gear and lubricating oils",
130208,13 02 08,13 02 08*,true,AH,absolute hazardous,false,"other engine, gear and lubricating oils",,13,"Oil wastes and wastes of liquid fuels (except edible oils, and those in chapters 05, 12 and 19)",1302,"waste engine, gear and lubricating oils",
130301,13 03 01,13 03 01*,true,AH,absolute hazardous,false,insulating or heat transmission oils containing PCBs,,13,"Oil wastes and wastes of liquid fuels (except edible oils, and those in chapters 05, 12 and 19)",1303,waste insulating and heat transmission oils,
130306,13 03 06,13 03 06*,true,AH,absolute hazardous,false,mineral-based chlorinated insulating and heat transmission oils other than those mentioned in 13 03 01,,13,"Oil wastes and wastes of liquid fuels (except edible oils, and those in chapters 05, 12 and 19)",1303,waste insulating and heat transmission oils,
130307,13 03 07,13 03 07*,true,AH,absolute hazardous,false,mineral-based non-chlorinated insulating and heat transmission oils,,13,"Oil wastes and wastes of liquid fuels (except edible oils, and those in chapters 05, 12 and 19)",1303,waste insulating and heat transmission oils,
130308,13 03 08,13 03 08*,true,AH,absolute hazardous,false,synthetic insulating and heat transmission oils,,13,"Oil wastes and wastes of liquid fuels (except edible oils, and those in chapters 05, 12 and 19)",1303,waste insulating and heat transmission oils,
130309,13 03 09,13 03 09*,true,AH,absolute hazardous,false,readily biodegradable insulating and heat transmission oils,,13,"Oil wastes and wastes of liquid fuels (except edible oils, and those in chapters 05, 12 and 19)",1303,waste insulating and heat transmission oils,
130310,13 03 10,13 03 10*,true,AH,absolute hazardous,false,other insulating and heat transmission oils,,13,"Oil wastes and wastes of liquid fuels (except edible oils, and those in chapters 05, 12 and 19)",1303,waste insulating and heat transmission oils,
130401,13 04 01,13 04 01*,true,AH,absolute hazardous,false,bilge oils from inland navigation,,13,"Oil wastes and wastes of liquid fuels (except edible oils, and those in chapters 05, 12 and 19)",1304,bilge oils,
130402,13 04 02,13 04 02*,true,AH,absolute hazardous,false,bilge oils from jetty sewers,,13,"Oil wastes and wastes of liquid fuels (except edible oils, and those in chapters 05, 12 and 19)",1304,bilge oils,
130403,13 04 03,13 04 03*,true,AH,absolute hazardous,false,bilge oils from other navigation,,13,"Oil wastes and wastes of liquid fuels (except edible oils, and those in chapters 05, 12 and 19)",1304,bilge oils,
130501,13 05 01,13 05 01*,true,AH,absolute hazardous,false,solids from grit chambers and oil/water separators,,13,"Oil wastes and wastes of liquid fuels (except edible oils, and those in chapters 05, 12 and 19)",1305,oil/water separator contents,
130502,13 05 02,13 05 02*,true,AH,absolute hazardous,false,sludges from oil/water separators,,13,"Oil wastes and wastes of liquid fuels (except edible oils, and those in chapters 05, 12 and 19)",1305,oil/water separator contents,
130503,13 05 03,13 05 03*,true,AH,absolute hazardous,false,interceptor sludges,,13,"Oil wastes and wastes of liquid fuels (except edible oils, and those in chapters 05, 12 and 19)",1305,oil/water separator contents,
130506,13 05 06,13 05 06*,true,AH,absolute hazardous,false,oil from oil/water separators,,13,"Oil wastes and wastes of liquid fuels (except edible oils, and those in chapters 05, 12 and 19)",1305,oil/water separator contents,
130507,13 05 07,13 05 07*,true,AH,absolute hazardous,false,oily water from oil/water separators,,13,"Oil wastes and wastes of liquid fuels (except edible oils, and those in chapters 05, 12 and 19)",1305,oil/water separator contents,
130508,13 05 08,13 05 08*,true,AH,absolute hazardous,false,mixtures of wastes from grit chambers and oil/water separators,,13,"Oil wastes and wastes of liquid fuels (except edible oils, and those in chapters 05, 12 and 19)",1305,oil/water separator contents,
130701,13 07 01,13 07 01*,true,AH,absolute hazardous,false,fuel oil and diesel,,13,"Oil wastes and wastes of liquid fuels (except edible oils, and those in chapters 05, 12 and 19)",1307,wastes of liquid fuels,
130702,13 07 02,13 07 02*,true,AH,absolute hazardous,false,Petrol,,13,"Oil wastes and wastes of liquid fuels (except edible oils, and those in chapters 05, 12 and 19)",1307,wastes of liquid fuels,
130703,13 07 03,13 07 03*,true,AH,absolute hazardous,false,other fuels (including mixtures),,13,"Oil wastes and wastes of liquid fuels (except edible oils, and those in chapters 05, 12 and 19)",1307,wastes of liquid fuels,
130801,13 08 01,13 08 01*,true,AH,absolute hazardous,false,desalter sludges or emulsions,,13,"Oil wastes and wastes of liquid fuels (except edible oils, and those in chapters 05, 12 and 19)",1308,oil wastes not otherwise specified,
130802,13 08 02,13 08 02*,true,AH,absolute hazardous,false,other emulsions,,13,"Oil wastes and wastes of liquid fuels (except edible oils, and those in chapters 05, 12 and 19)",1308,oil wastes not otherwise specified,
130899,13 08 99,13 08 99*,true,AH,absolute hazardous,false,wastes not otherwise specified,,13,"Oil wastes and wastes of liquid fuels (except edible oils, and those in chapters 05, 12 and 19)",1308,oil wastes not otherwise specified,
140601,14 06 01,14 06 01*,true,AH,absolute hazardous,false,"chlorofluorocarbons, HCFC, HFC",,14,"Waste organic solvents, refrigerants and propellants (except 07 and 08)",1406,"waste organic solvents, refrigerants and foam/aerosol propellants",
140602,14 06 02,14 06 02*,true,AH,absolute hazardous,false,other halogenated solvents and solvent mixtures,,14,"Waste organic solvents, refrigerants and propellants (except 07 and 08)",1406,"waste organic solvents, refrigerants and foam/aerosol propellants",
140603,14 06 03,14 06 03*,true,AH,absolute hazardous,false,other solvents and solvent mixtures,,14,"Waste organic solvents, refrigerants and propellants (except 07 and 08)",1406,"waste organic solvents, refrigerants and foam/aerosol propellants",
140604,14 06 04,14 06 04*,true,MH,mirror hazardous,true,sludges or solid wastes containing halogenated solvents,,14,"Waste organic solvents, refrigerants and propellants (except 07 and 08)",1406,"waste organic solvents, refrigerants and foam/aerosol propellants",
140605,14 06 05,14 06 05*,true,MH,mirror hazardous,true,sludges or solid wastes containing other solvents,,14,"Waste organic solvents, refrigerants and propellants (except 07 and 08)",1406,"waste organic solvents, refrigerants and foam/aerosol propellants",
150101,15 01 01,15 01 01,false,AN,absolute non-hazardous,false,paper and cardboard packaging,,15,"Waste packaging; absorbents, wiping cloths, filter materials and protective clothing not otherwise specified",1501,packaging (including separately collected municipal packaging waste),
150102,15 01 02,15 01 02,false,AN,absolute non-hazardous,false,plastic packaging,,15,"Waste packaging; absorbents, wiping cloths, filter materials and protective clothing not otherwise specified",1501,packaging (including separately collected municipal packaging waste),
150103,15 01 03,15 01 03,false,AN,absolute non-hazardous,false,wooden packaging,,15,"Waste packaging; absorbents, wiping cloths, filter materials and protective clothing not otherwise specified",1501,packaging (including separately collected municipal packaging waste),
150104,15 01 04,15 01 04,false,AN,absolute non-hazardous,false,metallic packaging,,15,"Waste packaging; absorbents, wiping cloths, filter materials and protective clothing not otherwise specified",1501,packaging (including separately collected municipal packaging waste),
150105,15 01 05,15 01 05,false,AN,absolute non-hazardous,false,composite packaging,,15,"Waste packaging; absorbents, wiping cloths, filter materials and protective clothing not otherwise specified",1501,packaging (including separately collected municipal packaging waste),
150106,15 01 06,15 01 06,false,AN,absolute non-hazardous,false,mixed packaging,,15,"Waste packaging; absorbents, wiping cloths, filter materials and protective clothing not otherwise specified",1501,packaging (including separately collected municipal packaging waste),
150107,15 01 07,15 01 07,false,AN,absolute non-hazardous,false,glass packaging,,15,"Waste packaging; absorbents, wiping cloths, filter materials and protective clothing not otherwise specified",1501,packaging (including separately collected municipal packaging waste),
150109,15 01 09,15 01 09,false,AN,absolute non-hazardous,false,textile packaging,,15,"Waste packaging; absorbents, wiping cloths, filter materials and protective clothing not otherwise specified",1501,packaging (including separately collected municipal packaging waste),
150110,15 01 10,15 01 10*,true,AH,absolute hazardous,false,packaging containing residues of or contaminated by hazardous substances,,15,"Waste packaging; absorbents, wiping cloths, filter materials and protective clothing not otherwise specified",1501,packaging (including separately collected municipal packaging waste),
150111,15 01 11,15 01 11*,true,AH,absolute hazardous,false,"metallic packaging containing a hazardous solid porous matrix (for example asbestos), including empty pressure containers",,15,"Waste packaging; absorbents, wiping cloths, filter materials and protective clothing not otherwise specified",1501,packaging (including separately collected municipal packaging waste),
150202,15 02 02,15 02 02*,true,MH,mirror hazardous,true,"absorbents, filter materials (including oil filters not otherwise specified), wiping cloths, protective clothing contaminated by hazardous substances",,15,"Waste packaging; absorbents, wiping cloths, filter materials and protective clothing not otherwise specified",1502,"absorbents, filter materials, wiping cloths and protective clothing",150203
150203,15 02 03,15 02 03,false,MN,mirror non-hazardous,true,"absorbents, filter materials, wiping cloths and protective clothing other than those mentioned in 15 02 02",,15,"Waste packaging; absorbents, wiping cloths, filter materials and protective clothing not otherwise specified",1502,"absorbents, filter materials, wiping cloths and protective clothing",150202
160103,16 01 03,16 01 03,false,AN,absolute non-hazardous,false,end-of-life tyres,,16,Wastes not otherwise specified in the list,1601,"end-of-life vehicles from different means of transport (including off-road machinery) and wastes from dismantling of end-of-life vehicles and vehicle maintenance (except 13, 14, 16 06 and 16 08)",
160104,16 01 04,16 01 04*,true,AH,absolute hazardous,false,end-of-life vehicles,,16,Wastes not otherwise specified in the list,1601,"end-of-life vehicles from different means of transport (including off-road machinery) and wastes from dismantling of end-of-life vehicles and vehicle maintenance (except 13, 14, 16 06 and 16 08)",
160106,16 01 06,16 01 06,false,AN,absolute non-hazardous,false,"end-of-life vehicles, containing neither liquids nor other hazardous components",,16,Wastes not otherwise specified in the list,1601,"end-of-life vehicles from different means of transport (including off-road machinery) and wastes from dismantling of end-of-life vehicles and vehicle maintenance (except 13, 14, 16 06 and 16 08)",
160107,16 01 07,16 01 07*,true,AH,absolute hazardous,false,oil filters,,16,Wastes not otherwise specified in the list,1601,"end-of-life vehicles from different means of transport (including off-road machinery) and wastes from dismantling of end-of-life vehicles and vehicle maintenance (except 13, 14, 16 06 and 16 08)",
160108,16 01 08,16 01 08*,true,MH,mirror hazardous,true,components containing mercury,,16,Wastes not otherwise specified in the list,1601,"end-of-life vehicles from different means of transport (including off-road machinery) and wastes from dismantling of end-of-life vehicles and vehicle maintenance (except 13, 14, 16 06 and 16 08)",
160109,16 01 09,16 01 09*,true,MH,mirror hazardous,true,components containing PCBs,,16,Wastes not otherwise specified in the list,1601,"end-of-life vehicles from different means of transport (including off-road machinery) and wastes from dismantling of end-of-life vehicles and vehicle maintenance (except 13, 14, 16 06 and 16 08)",
160110,16 01 10,16 01 10*,true,AH,absolute hazardous,false,explosive components (for example air bags),,16,Wastes not otherwise specified in the list,1601,"end-of-life vehicles from different means of transport (including off-road machinery) and wastes from dismantling of end-of-life vehicles and vehicle maintenance (except 13, 14, 16 06 and 16 08)",
160111,16 01 11,16 01 11*,true,MH,mirror hazardous,true,brake pads containing asbestos,,16,Wastes not otherwise specified in the list,1601,"end-of-life vehicles from different means of transport (including off-road machinery) and wastes from dismantling of end-of-life vehicles and vehicle maintenance (except 13, 14, 16 06 and 16 08)",160112
160112,16 01 12,16 01 12,false,MN,mirror non-hazardous,true,brake pads other than those mentioned in 16 01 11,,16,Wastes not otherwise specified in the list,1601,"end-of-life vehicles from different means of transport (including off-road machinery) and wastes from dismantling of end-of-life vehicles and vehicle maintenance (except 13, 14, 16 06 and 16 08)",160111
160113,16 01 13,16 01 13*,true,AH,absolute hazardous,false,brake fluids,,16,Wastes not otherwise specified in the list,1601,"end-of-life vehicles from different means of transport (including off-road machinery) and wastes from dismantling of end-of-life vehicles and vehicle maintenance (except 13, 14, 16 06 and 16 08)",
160114,16 01 14,16 01 14*,true,MH,mirror hazardous,true,antifreeze fluids containing hazardous substances,,16,Wastes not otherwise specified in the list,1601,"end-of-life vehicles from different means of transport (including off-road machinery) and wastes from dismantling of end-of-life vehicles and vehicle maintenance (except 13, 14, 16 06 and 16 08)",160115
160115,16 01 15,16 01 15,false,MN,mirror non-hazardous,true,antifreeze fluids other than those mentioned in 16 01 14,,16,Wastes not otherwise specified in the list,1601,"end-of-life vehicles from different means of transport (including off-road machinery) and wastes from dismantling of end-of-life vehicles and vehicle maintenance (except 13, 14, 16 06 and 16 08)",160114
160116,16 01 16,16 01 16,false,AN,absolute non-hazardous,false,tanks for liquefied gas,,16,Wastes not otherwise specified in the list,1601,"end-of-life vehicles from different means of transport (including off-road machinery) and wastes from dismantling of end-of-life vehicles and vehicle maintenance (except 13, 14, 16 06 and 16 08)",
160117,16 01 17,16 01 17,false,AN,absolute non-hazardous,false,ferrous metal,,16,Wastes not otherwise specified in the list,1601,"end-of-life vehicles from different means of transport (including off-road machinery) and wastes from dismantling of end-of-life vehicles and vehicle maintenance (except 13, 14, 16 06 and 16 08)",
160118,16 01 18,16 01 18,false,AN,absolute non-hazardous,false,non-ferrous metal,,16,Wastes not otherwise specified in the list,1601,"end-of-life vehicles from different means of transport (including off-road machinery) and wastes from dismantling of end-of-life vehicles and vehicle maintenance (except 13, 14, 16 06 and 16 08)",
160119,16 01 19,16 01 19,false,AN,absolute non-hazardous,false,Plastic,,16,Wastes not otherwise specified in the list,1601,"end-of-life vehicles from different means of transport (including off-road machinery) and wastes from dismantling of end-of-life vehicles and vehicle maintenance (except 13, 14, 16 06 and 16 08)",
160120,16 01 20,16 01 20,false,AN,absolute non-hazardous,false,Glass,,16,Wastes not otherwise specified in the list,1601,"end-of-life vehicles from different means of transport (including off-road machinery) and wastes from dismantling of end-of-life vehicles and vehicle maintenance (except 13, 14, 16 06 and 16 08)",
160121,16 01 21,16 01 21*,true,AH,absolute hazardous,false,hazardous components other than those mentioned in 16 01 07 to 16 01 11 and 16 01 13 and 16 01 14,,16,Wastes not otherwise specified in the list,1601,"end-of-life vehicles from different means of transport (including off-road machinery) and wastes from dismantling of end-of-life vehicles and vehicle maintenance (except 13, 14, 16 06 and 16 08)",
160122,16 01 22,16 01 22,false,MN,mirror non-hazardous,true,components not otherwise specified,,16,Wastes not otherwise specified in the list,1601,"end-of-life vehicles from different means of transport (including off-road machinery) and wastes from dismantling of end-of-life vehicles and vehicle maintenance (except 13, 14, 16 06 and 16 08)",
160199,16 01 99,16 01 99,false,AN,absolute non-hazardous,false,wastes not otherwise specified,,16,Wastes not otherwise specified in the list,1601,"end-of-life vehicles from different means of transport (including off-road machinery) and wastes from dismantling of end-of-life vehicles and vehicle maintenance (except 13, 14, 16 06 and 16 08)",
160209,16 02 09,16 02 09*,true,AH,absolute hazardous,false,transformers and capacitors containing PCBs,,16,Wastes not otherwise specified in the list,1602,wastes from electrical and electronic equipment,
160210,16 02 10,16 02 10*,true,AH,absolute hazardous,false,discarded equipment containing or contaminated by PCBs other than those mentioned in 16 02 09,,16,Wastes not otherwise specified in the list,1602,wastes from electrical and electronic equipment,
160211,16 02 11,16 02 11*,true,AH,absolute hazardous,false,"discarded equipment containing chlorofluorocarbons, HCFC, HFC",,16,Wastes not otherwise specified in the list,1602,wastes from electrical and electronic equipment,
160212,16 02 12,16 02 12*,true,AH,absolute hazardous,false,discarded equipment containing free asbestos,,16,Wastes not otherwise specified in the list,1602,wastes from electrical and electronic equipment,
160213,16 02 13,16 02 13*,true,AH,absolute hazardous,false,discarded equipment containing hazardous components other than those mentioned in 16 02 09 to 16 02 12,"Hazardous components from electrical and electronic equipment may include accumulators and batteries mentioned in 16 06 and marked as hazardous; mercury switches, glass from cathode ray tubes and other activated glass, etc.",16,Wastes not otherwise specified in the list,1602,wastes from electrical and electronic equipment,
160214,16 02 14,16 02 14,false,AN,absolute non-hazardous,false,discarded equipment other than those mentioned in 16 02 09 to 16 02 13,,16,Wastes not otherwise specified in the list,1602,wastes from electrical and electronic equipment,
160215,16 02 15,16 02 15*,true,AH,absolute hazardous,false,hazardous components removed from discarded equipment,,16,Wastes not otherwise specified in the list,1602,wastes from electrical and electronic equipment,
160216,16 02 16,16 02 16,false,AN,absolute non-hazardous,false,components removed from discarded equipment other than those mentioned in 16 02 15,,16,Wastes not otherwise specified in the list,1602,wastes from electrical and electronic equipment,
160303,16 03 03,16 03 03*,true,MH,mirror hazardous,true,inorganic wastes containing hazardous substances,,16,Wastes not otherwise specified in the list,1603,off-specification batches and unused products,160304
160304,16 03 04,16 03 04,false,MN,mirror non-hazardous,true,inorganic wastes other than those mentioned in 16 03 03,,16,Wastes not otherwise specified in the list,1603,off-specification batches and unused products,160303
160305,16 03 05,16 03 05*,true,MH,mirror hazardous,true,organic wastes containing hazardous substances,,16,Wastes not otherwise specified in the list,1603,off-specification batches and unused products,160306
160306,16 03 06,16 03 06,false,MN,mirror non-hazardous,true,organic wastes other than those mentioned in 16 03 05,,16,Wastes not otherwise specified in the list,1603,off-specification batches and unused products,160305
160307,16 03 07,16 03 07*,true,AH,absolute hazardous,false,metallic mercury,,16,Wastes not otherwise specified in the list,1603,off-specification batches and unused products,
160401,16 04 01,16 04 01*,true,AH,absolute hazardous,false,waste ammunition,,16,Wastes not otherwise specified in the list,1604,waste explosives,
160402,16 04 02,16 04 02*,true,AH,absolute hazardous,false,fireworks wastes,,16,Wastes not otherwise specified in the list,1604,waste explosives,
160403,16 04 03,16 04 03*,true,AH,absolute hazardous,false,other waste explosives,,16,Wastes not otherwise specified in the list,1604,waste explosives,
160504,16 05 04,16 05 04*,true,MH,mirror hazardous,true,gases in pressure containers (including halons) containing hazardous substances,,16,Wastes not otherwise specified in the list,1605,gases in pressure containers and discarded chemicals,160505
160505,16 05 05,16 05 05,false,MN,mirror non-hazardous,true,gases in pressure containers other than those mentioned in 16 05 04,,16,Wastes not otherwise specified in the list,1605,gases in pressure containers and discarded chemicals,160504
160506,16 05 06,16 05 06*,true,MH,mirror hazardous,true,"laboratory chemicals, consisting of or containing hazardous substances, including mixtures of laboratory chemicals",,16,Wastes not otherwise specified in the list,1605,gases in pressure containers and discarded chemicals,160509
160507,16 05 07,16 05 07*,true,MH,mirror hazardous,true,discarded inorganic chemicals consisting of or containing hazardous substances,,16,Wastes not otherwise specified in the list,1605,gases in pressure containers and discarded chemicals,160509
160508,16 05 08,16 05 08*,true,MH,mirror hazardous,true,discarded organic chemicals consisting of or containing hazardous substances,,16,Wastes not otherwise specified in the list,1605,gases in pressure containers and discarded chemicals,160509
160509,16 05 09,16 05 09,false,MN,mirror non-hazardous,true,"discarded chemicals other than those mentioned in 16 05 06, 16 05 07 or 16 05 08",,16,Wastes not otherwise specified in the list,1605,gases in pressure containers and discarded chemicals,160506;160507;160508
160601,16 06 01,16 06 01*,true,AH,absolute hazardous,false,lead batteries,,16,Wastes not otherwise specified in the list,1606,batteries and accumulators,
160602,16 06 02,16 06 02*,true,AH,absolute hazardous,false,Ni-Cd batteries,,16,Wastes not otherwise specified in the list,1606,batteries and accumulators,
160603,16 06 03,16 06 03*,true,AH,absolute hazardous,false,mercury-containing batteries,,16,Wastes not otherwise specified in the list,1606,batteries and accumulators,
160604,16 06 04,16 06 04,false,AN,absolute non-hazardous,false,alkaline batteries (except 16 06 03),,16,Wastes not otherwise specified in the list,1606,batteries and accumulators,
160605,16 06 05,16 06 05,false,AN,absolute non-hazardous,false,other batteries and accumulators,,16,Wastes not otherwise specified in the list,1606,batteries and accumulators,
160606,16 06 06,16 06 06*,true,AH,absolute hazardous,false,separately collected electrolyte from batteries and accumulators,,16,Wastes not otherwise specified in the list,1606,batteries and accumulators,
160708,16 07 08,16 07 08*,true,MH,mirror hazardous,true,wastes containing oil,,16,Wastes not otherwise specified in the list,1607,"wastes from transport tank, storage tank and barrel cleaning (except 05 and 13)",
160709,16 07 09,16 07 09*,true,MH,mirror hazardous,true,wastes containing other hazardous substances,,16,Wastes not otherwise specified in the list,1607,"wastes from transport tank, storage tank and barrel cleaning (except 05 and 13)",
160799,16 07 99,16 07 99,false,MN,mirror non-hazardous,true,wastes not otherwise specified,,16,Wastes not otherwise specified in the list,1607,"wastes from transport tank, storage tank and barrel cleaning (except 05 and 13)",
160801,16 08 01,16 08 01,false,MN,mirror non-hazardous,true,"spent catalysts containing gold, silver, rhenium, rhodium, palladium, iridium or platinum (except 16 08 07)",,16,Wastes not otherwise specified in the list,1608,spent catalysts,160807
160802,16 08 02,16 08 02*,true,MH,mirror hazardous,true,spent catalysts containing hazardous transition metals or hazardous transition metal compounds,,16,Wastes not otherwise specified in the list,1608,spent catalysts,
160803,16 08 03,16 08 03,false,MN,mirror non-hazardous,true,spent catalysts containing transition metals or transition metal compounds not otherwise specified,,16,Wastes not otherwise specified in the list,1608,spent catalysts,
160804,16 08 04,16 08 04,false,MN,mirror non-hazardous,true,spent fluid catalytic cracking catalysts (except 16 08 07),,16,Wastes not otherwise specified in the list,1608,spent catalysts,160807
160805,16 08 05,16 08 05*,true,MH,mirror hazardous,true,spent catalysts containing phosphoric acid,,16,Wastes not otherwise specified in the list,1608,spent catalysts,
160806,16 08 06,16 08 06*,true,AH,absolute hazardous,false,spent liquids used as catalysts,,16,Wastes not otherwise specified in the list,1608,spent catalysts,
160807,16 08 07,16 08 07*,true,MH,mirror hazardous,true,spent catalysts contaminated with hazardous substances,,16,Wastes not otherwise specified in the list,1608,spent catalysts,160801;160804
160901,16 09 01,16 09 01*,true,AH,absolute hazardous,false,"permanganates, for example potassium permanganate",,16,Wastes not otherwise specified in the list,1609,oxidising substances,
160902,16 09 02,16 09 02*,true,AH,absolute hazardous,false,"chromates, for example potassium chromate, potassium or sodium dichromate",,16,Wastes not otherwise specified in the list,1609,oxidising substances,
160903,16 09 03,16 09 03*,true,AH,absolute hazardous,false,"peroxides, for example hydrogen peroxide",,16,Wastes not otherwise specified in the list,1609,oxidising substances,
160904,16 09 04,16 09 04*,true,AH,absolute hazardous,false,"oxidising substances, not otherwise specified",,16,Wastes not otherwise specified in the list,1609,oxidising substances,
161001,16 10 01,16 10 01*,true,MH,mirror hazardous,true,aqueous liquid wastes containing hazardous substances,,16,Wastes not otherwise specified in the list,1610,aqueous liquid wastes destined for off-site treatment,161002
161002,16 10 02,16 10 02,false,MN,mirror non-hazardous,true,aqueous liquid wastes other than those mentioned in 16 10 01,,16,Wastes not otherwise specified in the list,1610,aqueous liquid wastes destined for off-site treatment,161001
161003,16 10 03,16 10 03*,true,MH,mirror hazardous,true,aqueous concentrates containing hazardous substances,,16,Wastes not otherwise specified in the list,1610,aqueous liquid wastes destined for off-site treatment,161004
161004,16 10 04,16 10 04,false,MN,mirror non-hazardous,true,aqueous concentrates other than those mentioned in 16 10 03,,16,Wastes not otherwise specified in the list,1610,aqueous liquid wastes destined for off-site treatment,161003
161101,16 11 01,16 11 01*,true,MH,mirror hazardous,true,carbon-based linings and refractories from metallurgical processes containing hazardous substances,,16,Wastes not otherwise specified in the list,1611,waste linings and refractories,161102
161102,16 11 02,16 11 02,false,MN,mirror non-hazardous,true,carbon-based linings and refractories from metallurgical processes others than those mentioned in 16 11 01,,16,Wastes not otherwise specified in the list,1611,waste linings and refractories,161101
161103,16 11 03,16 11 03*,true,MH,mirror hazardous,true,other linings and refractories from metallurgical processes containing hazardous substances,,16,Wastes not otherwise specified in the list,1611,waste linings and refractories,161104
161104,16 11 04,16 11 04,false,MN,mirror non-hazardous,true,other linings and refractories from metallurgical processes other than those mentioned in 16 11 03,,16,Wastes not otherwise specified in the list,1611,waste linings and refractories,161103
161105,16 11 05,16 11 05*,true,MH,mirror hazardous,true,linings and refractories from non-metallurgical processes containing hazardous substances,,16,Wastes not otherwise specified in the list,1611,waste linings and refractories,161106
161106,16 11 06,16 11 06,false,MN,mirror non-hazardous,true,linings and refractories from non-metallurgical processes others than those mentioned in 16 11 05,,16,Wastes not otherwise specified in the list,1611,waste linings and refractories,161105
170101,17 01 01,17 01 01,false,MN,mirror non-hazardous,true,Concrete,,17,Construction and demolition wastes (including excavated soil from contaminated sites),1701,"concrete, bricks, tiles and ceramics",170106
170102,17 01 02,17 01 02,false,MN,mirror non-hazardous,true,Bricks,,17,Construction and demolition wastes (including excavated soil from contaminated sites),1701,"concrete, bricks, tiles and ceramics",170106
170103,17 01 03,17 01 03,false,MN,mirror non-hazardous,true,tiles and ceramics,,17,Construction and demolition wastes (including excavated soil from contaminated sites),1701,"concrete, bricks, tiles and ceramics",170106
170106,17 01 06,17 01 06*,true,MH,mirror hazardous,true,"mixtures of, or separate fractions of concrete, bricks, tiles and ceramics containing hazardous substances",,17,Construction and demolition wastes (including excavated soil from contaminated sites),1701,"concrete, bricks, tiles and ceramics",170101;170102;170103;170107
170107,17 01 07,17 01 07,false,MN,mirror non-hazardous,true,"mixtures of concrete, bricks, tiles and ceramics other than those mentioned in 17 01 06",,17,Construction and demolition wastes (including excavated soil from contaminated sites),1701,"concrete, bricks, tiles and ceramics",170106
170201,17 02 01,17 02 01,false,MN,mirror non-hazardous,true,Wood,,17,Construction and demolition wastes (including excavated soil from contaminated sites),1702,"wood, glass and plastic",170204
170202,17 02 02,17 02 02,false,MN,mirror non-hazardous,true,Glass,,17,Construction and demolition wastes (including excavated soil from contaminated sites),1702,"wood, glass and plastic",170204
170203,17 02 03,17 02 03,false,MN,mirror non-hazardous,true,Plastic,,17,Construction and demolition wastes (including excavated soil from contaminated sites),1702,"wood, glass and plastic",170204
170204,17 02 04,17 02 04*,true,MH,mirror hazardous,true,"glass, plastic and wood containing or contaminated with hazardous substances",,17,Construction and demolition wastes (including excavated soil from contaminated sites),1702,"wood, glass and plastic",170201;170202;170203
170301,17 03 01,17 03 01*,true,MH,mirror hazardous,true,bituminous mixtures containing coal tar,,17,Construction and demolition wastes (including excavated soil from contaminated sites),1703,"bituminous mixtures, coal tar and tarred products",170302
170302,17 03 02,17 03 02,false,MN,mirror non-hazardous,true,bituminous mixtures other than those mentioned in 17 03 01,,17,Construction and demolition wastes (including excavated soil from contaminated sites),1703,"bituminous mixtures, coal tar and tarred products",170301
170303,17 03 03,17 03 03*,true,AH,absolute hazardous,false,coal tar and tarred products,,17,Construction and demolition wastes (including excavated soil from contaminated sites),1703,"bituminous mixtures, coal tar and tarred products",
170401,17 04 01,17 04 01,false,MN,mirror non-hazardous,true,"copper, bronze, brass",,17,Construction and demolition wastes (including excavated soil from contaminated sites),1704,metals (including their alloys),170409
170402,17 04 02,17 04 02,false,MN,mirror non-hazardous,true,Aluminium,,17,Construction and demolition wastes (including excavated soil from contaminated sites),1704,metals (including their alloys),170409
170403,17 04 03,17 04 03,false,MN,mirror non-hazardous,true,Lead,,17,Construction and demolition wastes (including excavated soil from contaminated sites),1704,metals (including their alloys),170409
170404,17 04 04,17 04 04,false,MN,mirror non-hazardous,true,Zinc,,17,Construction and demolition wastes (including excavated soil from contaminated sites),1704,metals (including their alloys),170409
170405,17 04 05,17 04 05,false,MN,mirror non-hazardous,true,iron and steel,,17,Construction and demolition wastes (including excavated soil from contaminated sites),1704,metals (including their alloys),170409
170406,17 04 06,17 04 06,false,MN,mirror non-hazardous,true,Tin,,17,Construction and demolition wastes (including excavated soil from contaminated sites),1704,metals (including their alloys),170409
170407,17 04 07,17 04 07,false,MN,mirror non-hazardous,true,mixed metals,,17,Construction and demolition wastes (including excavated soil from contaminated sites),1704,metals (including their alloys),170409
170409,17 04 09,17 04 09*,true,MH,mirror hazardous,true,metal waste contaminated with hazardous substances,,17,Construction and demolition wastes (including excavated soil from contaminated sites),1704,metals (including their alloys),170401;170402;170403;170404;170405;170406;170407
170410,17 04 10,17 04 10*,true,MH,mirror hazardous,true,"cables containing oil, coal tar and other hazardous substances",,17,Construction and demolition wastes (including excavated soil from contaminated sites),1704,metals (including their alloys),170411
170411,17 04 11,17 04 11,false,MN,mirror non-hazardous,true,cables other than those mentioned in 17 04 10,,17,Construction and demolition wastes (including excavated soil from contaminated sites),1704,metals (including their alloys),170410
170503,17 05 03,17 05 03*,true,MH,mirror hazardous,true,soil and stones containing hazardous substances,,17,Construction and demolition wastes (including excavated soil from contaminated sites),1705,"soil (including excavated soil from contaminated sites), stones and dredging spoil",170504
170504,17 05 04,17 05 04,false,MN,mirror non-hazardous,true,soil and stones other than those mentioned in 17 05 03,,17,Construction and demolition wastes (including excavated soil from contaminated sites),1705,"soil (including excavated soil from contaminated sites), stones and dredging spoil",170503
170505,17 05 05,17 05 05*,true,MH,mirror hazardous,true,dredging spoil containing hazardous substances,,17,Construction and demolition wastes (including excavated soil from contaminated sites),1705,"soil (including excavated soil from contaminated sites), stones and dredging spoil",170506
170506,17 05 06,17 05 06,false,MN,mirror non-hazardous,true,dredging spoil other than those mentioned in 17 05 05,,17,Construction and demolition wastes (including excavated soil from contaminated sites),1705,"soil (including excavated soil from contaminated sites), stones and dredging spoil",170505
170507,17 05 07,17 05 07*,true,MH,mirror hazardous,true,track ballast containing hazardous substances,,17,Construction and demolition wastes (including excavated soil from contaminated sites),1705,"soil (including excavated soil from contaminated sites), stones and dredging spoil",170508
170508,17 05 08,17 05 08,false,MN,mirror non-hazardous,true,track ballast other than those mentioned in 17 05 07,,17,Construction and demolition wastes (including excavated soil from contaminated sites),1705,"soil (including excavated soil from contaminated sites), stones and dredging spoil",170507
170601,17 06 01,17 06 01*,true,MH,mirror hazardous,true,insulation materials containing asbestos,,17,Construction and demolition wastes (including excavated soil from contaminated sites),1706,insulation materials and asbestos-containing construction materials,170604
170603,17 06 03,17 06 03*,true,MH,mirror hazardous,true,other insulation materials consisting of or containing hazardous substances,,17,Construction and demolition wastes (including excavated soil from contaminated sites),1706,insulation materials and asbestos-containing construction materials,170604
170604,17 06 04,17 06 04,false,MN,mirror non-hazardous,true,insulation materials other than those mentioned in 17 06 01 and 17 06 03,,17,Construction and demolition wastes (including excavated soil from contaminated sites),1706,insulation materials and asbestos-containing construction materials,170601;170603
170605,17 06 05,17 06 05*,true,MH,mirror hazardous,true,construction materials containing asbestos,,17,Construction and demolition wastes (including excavated soil from contaminated sites),1706,insulation materials and asbestos-containing construction materials,
170801,17 08 01,17 08 01*,true,MH,mirror hazardous,true,gypsum-based construction materials contaminated with hazardous substances,,17,Construction and demolition wastes (including excavated soil from contaminated sites),1708,gypsum-based construction material,170802
170802,17 08 02,17 08 02,false,MN,mirror non-hazardous,true,gypsum-based construction materials other than those mentioned in 17 08 01,,17,Construction and demolition wastes (including excavated soil from contaminated sites),1708,gypsum-based construction material,170801
170901,17 09 01,17 09 01*,true,MH,mirror hazardous,true,construction and demolition wastes containing mercury,,17,Construction and demolition wastes (including excavated soil from contaminated sites),1709,other construction and demolition wastes,170904
170902,17 09 02,17 09 02*,true,MH,mirror hazardous,true,"construction and demolition wastes containing PCB (for example PCB-containing sealants, PCB-containing resin-based floorings, PCB-containing sealed glazing units, PCB-containing capacitors)",,17,Construction and demolition wastes (including excavated soil from contaminated sites),1709,other construction and demolition wastes,170904
170903,17 09 03,17 09 03*,true,MH,mirror hazardous,true,other construction and demolition wastes (including mixed wastes) containing hazardous substances,,17,Construction and demolition wastes (including excavated soil from contaminated sites),1709,other construction and demolition wastes,170904
170904,17 09 04,17 09 04,false,MN,mirror non-hazardous,true,"mixed construction and demolition wastes other than those mentioned in 17 09 01, 17 09 02 and 17 09 03",,17,Construction and demolition wastes (including excavated soil from contaminated sites),1709,other construction and demolition wastes,170901;170902;170903
180101,18 01 01,18 01 01,false,AN,absolute non-hazardous,false,sharps (except 18 01 03),,18,Wastes from human or animal health care and/or related research (except kitchen and restaurant wastes not arising from immediate health care),1801,"wastes from natal care, diagnosis, treatment or prevention of disease in humans",
180102,18 01 02,18 01 02,false,AN,absolute non-hazardous,false,body parts and organs including blood bags and blood preserves (except 18 01 03),,18,Wastes from human or animal health care and/or related research (except kitchen and restaurant wastes not arising from immediate health care),1801,"wastes from natal care, diagnosis, treatment or prevention of disease in humans",
180103,18 01 03,18 01 03*,true,AH,absolute hazardous,false,wastes whose collection and disposal is subject to special requirements in order to prevent infection,,18,Wastes from human or animal health care and/or related research (except kitchen and restaurant wastes not arising from immediate health care),1801,"wastes from natal care, diagnosis, treatment or prevention of disease in humans",
180104,18 01 04,18 01 04,false,AN,absolute non-hazardous,false,"wastes whose collection and disposal is not subject to special requirements in order to prevent infection (for example dressings, plaster casts, linen, disposable clothing, diapers)",,18,Wastes from human or animal health care and/or related research (except kitchen and restaurant wastes not arising from immediate health care),1801,"wastes from natal care, diagnosis, treatment or prevention of disease in humans",
180106,18 01 06,18 01 06*,true,MH,mirror hazardous,true,chemicals consisting of or containing hazardous substances,,18,Wastes from human or animal health care and/or related research (except kitchen and restaurant wastes not arising from immediate health care),1801,"wastes from natal care, diagnosis, treatment or prevention of disease in humans",180107
180107,18 01 07,18 01 07,false,MN,mirror non-hazardous,true,chemicals other than those mentioned in 18 01 06,,18,Wastes from human or animal health care and/or related research (except kitchen and restaurant wastes not arising from immediate health care),1801,"wastes from natal care, diagnosis, treatment or prevention of disease in humans",180106
180108,18 01 08,18 01 08*,true,AH,absolute hazardous,false,cytotoxic and cytostatic medicines,,18,Wastes from human or animal health care and/or related research (except kitchen and restaurant wastes not arising from immediate health care),1801,"wastes from natal care, diagnosis, treatment or prevention of disease in humans",
180109,18 01 09,18 01 09,false,AN,absolute non-hazardous,false,medicines other than those mentioned in 18 01 08,,18,Wastes from human or animal health care and/or related research (except kitchen and restaurant wastes not arising from immediate health care),1801,"wastes from natal care, diagnosis, treatment or prevention of disease in humans",
180110,18 01 10,18 01 10*,true,AH,absolute hazardous,false,amalgam waste from dental care,,18,Wastes from human or animal health care and/or related research (except kitchen and restaurant wastes not arising from immediate health care),1801,"wastes from natal care, diagnosis, treatment or prevention of disease in humans",
180201,18 02 01,18 02 01,false,AN,absolute non-hazardous,false,sharps (except 18 02 02),,18,Wastes from human or animal health care and/or related research (except kitchen and restaurant wastes not arising from immediate health care),1802,"wastes from research, diagnosis, treatment or prevention of disease involving animals",
180202,18 02 02,18 02 02*,true,AH,absolute hazardous,false,wastes whose collection and disposal is subject to special requirements in order to prevent infection,,18,Wastes from human or animal health care and/or related research (except kitchen and restaurant wastes not arising from immediate health care),1802,"wastes from research, diagnosis, treatment or prevention of disease involving animals",
180203,18 02 03,18 02 03,false,AN,absolute non-hazardous,false,wastes whose collection and disposal is not subject to special requirements in order to prevent infection,,18,Wastes from human or animal health care and/or related research (except kitchen and restaurant wastes not arising from immediate health care),1802,"wastes from research, diagnosis, treatment or prevention of disease involving animals",
180205,18 02 05,18 02 05*,true,MH,mirror hazardous,true,chemicals consisting of or containing hazardous substances,,18,Wastes from human or animal health care and/or related research (except kitchen and restaurant wastes not arising from immediate health care),1802,"wastes from research, diagnosis, treatment or prevention of disease involving animals",180206
180206,18 02 06,18 02 06,false,MN,mirror non-hazardous,true,chemicals other than those mentioned in 18 02 05,,18,Wastes from human or animal health care and/or related research (except kitchen and restaurant wastes not arising from immediate health care),1802,"wastes from research, diagnosis, treatment or prevention of disease involving animals",180205
180207,18 02 07,18 02 07*,true,AH,absolute hazardous,false,cytotoxic and cytostatic medicines,,18,Wastes from human or animal health care and/or related research (except kitchen and restaurant wastes not arising from immediate health care),1802,"wastes from research, diagnosis, treatment or prevention of disease involving animals",
180208,18 02 08,18 02 08,false,AN,absolute non-hazardous,false,medicines other than those mentioned in 18 02 07,,18,Wastes from human or animal health care and/or related research (except kitchen and restaurant wastes not arising from immediate health care),1802,"wastes from research, diagnosis, treatment or prevention of disease involving animals",
190102,19 01 02,19 01 02,false,AN,absolute non-hazardous,false,ferrous materials removed from bottom ash,,19,"Wastes from waste management facilities, off-site waste water treatment plants and the preparation of water intended for human consumption and water for industrial use",1901,wastes from incineration or pyrolysis of waste,
190105,19 01 05,19 01 05*,true,AH,absolute hazardous,false,filter cake from gas treatment,,19,"Wastes from waste management facilities, off-site waste water treatment plants and the preparation of water intended for human consumption and water for industrial use",1901,wastes from incineration or pyrolysis of waste,
190106,19 01 06,19 01 06*,true,AH,absolute hazardous,false,aqueous liquid wastes from gas treatment and other aqueous liquid wastes,,19,"Wastes from waste management facilities, off-site waste water treatment plants and the preparation of water intended for human consumption and water for industrial use",1901,wastes from incineration or pyrolysis of waste,
190107,19 01 07,19 01 07*,true,AH,absolute hazardous,false,solid wastes from gas treatment,,19,"Wastes from waste management facilities, off-site waste water treatment plants and the preparation of water intended for human consumption and water for industrial use",1901,wastes from incineration or pyrolysis of waste,
190110,19 01 10,19 01 10*,true,AH,absolute hazardous,false,spent activated carbon from flue-gas treatment,,19,"Wastes from waste management facilities, off-site waste water treatment plants and the preparation of water intended for human consumption and water for industrial use",1901,wastes from incineration or pyrolysis of waste,
190111,19 01 11,19 01 11*,true,MH,mirror hazardous,true,bottom ash and slag containing hazardous substances,,19,"Wastes from waste management facilities, off-site waste water treatment plants and the preparation of water intended for human consumption and water for industrial use",1901,wastes from incineration or pyrolysis of waste,190112
190112,19 01 12,19 01 12,false,MN,mirror non-hazardous,true,bottom ash and slag other than those mentioned in 19 01 11,,19,"Wastes from waste management facilities, off-site waste water treatment plants and the preparation of water intended for human consumption and water for industrial use",1901,wastes from incineration or pyrolysis of waste,190111
190113,19 01 13,19 01 13*,true,MH,mirror hazardous,true,fly ash containing hazardous substances,,19,"Wastes from waste management facilities, off-site waste water treatment plants and the preparation of water intended for human consumption and water for industrial use",1901,wastes from incineration or pyrolysis of waste,190114
190114,19 01 14,19 01 14,false,MN,mirror non-hazardous,true,fly ash other than those mentioned in 19 01 13,,19,"Wastes from waste management facilities, off-site waste water treatment plants and the preparation of water intended for human consumption and water for industrial use",1901,wastes from incineration or pyrolysis of waste,190113
190115,19 01 15,19 01 15*,true,MH,mirror hazardous,true,boiler dust containing hazardous substances,,19,"Wastes from waste management facilities, off-site waste water treatment plants and the preparation of water intended for human consumption and water for industrial use",1901,wastes from incineration or pyrolysis of waste,190116
190116,19 01 16,19 01 16,false,MN,mirror non-hazardous,true,boiler dust other than those mentioned in 19 01 15,,19,"Wastes from waste management facilities, off-site waste water treatment plants and the preparation of water intended for human consumption and water for industrial use",1901,wastes from incineration or pyrolysis of waste,190115
190117,19 01 17,19 01 17*,true,MH,mirror hazardous,true,pyrolysis wastes containing hazardous substances,,19,"Wastes from waste management facilities, off-site waste water treatment plants and the preparation of water intended for human consumption and water for industrial use",1901,wastes from incineration or pyrolysis of waste,190118
190118,19 01 18,19 01 18,false,MN,mirror non-hazardous,true,pyrolysis wastes other than those mentioned in 19 01 17,,19,"Wastes from waste management facilities, off-site waste water treatment plants and the preparation of water intended for human consumption and water for industrial use",1901,wastes from incineration or pyrolysis of waste,190117
190119,19 01 19,19 01 19,false,AN,absolute non-hazardous,false,sands from fluidised beds,,19,"Wastes from waste management facilities, off-site waste water treatment plants and the preparation of water intended for human consumption and water for industrial use",1901,wastes from incineration or pyrolysis of waste,
190199,19 01 99,19 01 99,false,AN,absolute non-hazardous,false,wastes not otherwise specified,,19,"Wastes from waste management facilities, off-site waste water treatment plants and the preparation of water intended for human consumption and water for industrial use",1901,wastes from incineration or pyrolysis of waste,
190203,19 02 03,19 02 03,false,AN,absolute non-hazardous,false,premixed wastes composed only of non-hazardous wastes,,19,"Wastes from waste management facilities, off-site waste water treatment plants and the preparation of water intended for human consumption and water for industrial use",1902,"wastes from physico/chemical treatments of waste (including dechromatation, decyanidation, neutralisation)",
190204,19 02 04,19 02 04*,true,AH,absolute hazardous,false,premixed wastes composed of at least one hazardous waste,,19,"Wastes from waste management facilities, off-site waste water treatment plants and the preparation of water intended for human consumption and water for industrial use",1902,"wastes from physico/chemical treatments of waste (including dechromatation, decyanidation, neutralisation)",
190205,19 02 05,19 02 05*,true,MH,mirror hazardous,true,sludges from physico/chemical treatment containing hazardous substances,,19,"Wastes from waste management facilities, off-site waste water treatment plants and the preparation of water intended for human consumption and water for industrial use",1902,"wastes from physico/chemical treatments of waste (including dechromatation, decyanidation, neutralisation)",190206
190206,19 02 06,19 02 06,false,MN,mirror non-hazardous,true,sludges from physico/chemical treatment other than those mentioned in 19 02 05,,19,"Wastes from waste management facilities, off-site waste water treatment plants and the preparation of water intended for human consumption and water for industrial use",1902,"wastes from physico/chemical treatments of waste (including dechromatation, decyanidation, neutralisation)",190205
190207,19 02 07,19 02 07*,true,AH,absolute hazardous,false,oil and concentrates from separation,,19,"Wastes from waste management facilities, off-site waste water treatment plants and the preparation of water intended for human consumption and water for industrial use",1902,"wastes from physico/chemical treatments of waste (including dechromatation, decyanidation, neutralisation)",
190208,19 02 08,19 02 08*,true,MH,mirror hazardous,true,liquid combustible wastes containing hazardous substances,,19,"Wastes from waste management facilities, off-site waste water treatment plants and the preparation of water intended for human consumption and water for industrial use",1902,"wastes from physico/chemical treatments of waste (including dechromatation, decyanidation, neutralisation)",190210
190209,19 02 09,19 02 09*,true,MH,mirror hazardous,true,solid combustible wastes containing hazardous substances,,19,"Wastes from waste management facilities, off-site waste water treatment plants and the preparation of water intended for human consumption and water for industrial use",1902,"wastes from physico/chemical treatments of waste (including dechromatation, decyanidation, neutralisation)",190210
190210,19 02 10,19 02 10,false,MN,mirror non-hazardous,true,combustible wastes other than those mentioned in 19 02 08 and 19 02 09,,19,"Wastes from waste management facilities, off-site waste water treatment plants and the preparation of water intended for human consumption and water for industrial use",1902,"wastes from physico/chemical treatments of waste (including dechromatation, decyanidation, neutralisation)",190208;190209
190211,19 02 11,19 02 11*,true,MH,mirror hazardous,true,other wastes containing hazardous substances,,19,"Wastes from waste management facilities, off-site waste water treatment plants and the preparation of water intended for human consumption and water for industrial use",1902,"wastes from physico/chemical treatments of waste (including dechromatation, decyanidation, neutralisation)",
190299,19 02 99,19 02 99,false,MN,mirror non-hazardous,true,wastes not otherwise specified,,19,"Wastes from waste management facilities, off-site waste water treatment plants and the preparation of water intended for human consumption and water for industrial use",1902,"wastes from physico/chemical treatments of waste (including dechromatation, decyanidation, neutralisation)",
190304,19 03 04,19 03 04*,true,AH,absolute hazardous,false,"wastes marked as hazardous, partly stabilised other than 19 03 08",,19,"Wastes from waste management facilities, off-site waste water treatment plants and the preparation of water intended for human consumption and water for industrial use",1903,stabilised/solidified wastes,
190305,19 03 05,19 03 05,false,AN,absolute non-hazardous,false,stabilised wastes other than those mentioned in 19 03 04,,19,"Wastes from waste management facilities, off-site waste water treatment plants and the preparation of water intended for human consumption and water for industrial use",1903,stabilised/solidified wastes,
190306,19 03 06,19 03 06*,true,AH,absolute hazardous,false,"wastes marked as hazardous, solidified",,19,"Wastes from waste management facilities, off-site waste water treatment plants and the preparation of water intended for human consumption and water for industrial use",1903,stabilised/solidified wastes,
190307,19 03 07,19 03 07,false,AN,absolute non-hazardous,false,solidified wastes other than those mentioned in 19 03 06,,19,"Wastes from waste management facilities, off-site waste water treatment plants and the preparation of water intended for human consumption and water for industrial use",1903,stabilised/solidified wastes,
190308,19 03 08,19 03 08*,true,AH,absolute hazardous,false,partly stabilised mercury,,19,"Wastes from waste management facilities, off-site waste water treatment plants and the preparation of water intended for human consumption and water for industrial use",1903,stabilised/solidified wastes,
190401,19 04 01,19 04 01,false,AN,absolute non-hazardous,false,vitrified waste,,19,"Wastes from waste management facilities, off-site waste water treatment plants and the preparation of water intended for human consumption and water for industrial use",1904,vitrified waste and wastes from vitrification,
190402,19 04 02,19 04 02*,true,AH,absolute hazardous,false,fly ash and other flue-gas treatment wastes,,19,"Wastes from waste management facilities, off-site waste water treatment plants and the preparation of water intended for human consumption and water for industrial use",1904,vitrified waste and wastes from vitrification,
190403,19 04 03,19 04 03*,true,AH,absolute hazardous,false,non-vitrified solid phase,,19,"Wastes from waste management facilities, off-site waste water treatment plants and the preparation of water intended for human consumption and water for industrial use",1904,vitrified waste and wastes from vitrification,
190404,19 04 04,19 04 04,false,AN,absolute non-hazardous,false,aqueous liquid wastes from vitrified waste tempering,,19,"Wastes from waste management facilities, off-site waste water treatment plants and the preparation of water intended for human consumption and water for industrial use",1904,vitrified waste and wastes from vitrification,
190501,19 05 01,19 05 01,false,AN,absolute non-hazardous,false,non-composted fraction of municipal and similar wastes,,19,"Wastes from waste management facilities, off-site waste water treatment plants and the preparation of water intended for human consumption and water for industrial use",1905,wastes from aerobic treatment of solid wastes,
190502,19 05 02,19 05 02,false,AN,absolute non-hazardous,false,non-composted fraction of animal and vegetable waste,,19,"Wastes from waste management facilities, off-site waste water treatment plants and the preparation of water intended for human consumption and water for industrial use",1905,wastes from aerobic treatment of solid wastes,
190503,19 05 03,19 05 03,false,AN,absolute non-hazardous,false,off-specification compost,,19,"Wastes from waste management facilities, off-site waste water treatment plants and the preparation of water intended for human consumption and water for industrial use",1905,wastes from aerobic treatment of solid wastes,
190599,19 05 99,19 05 99,false,AN,absolute non-hazardous,false,wastes not otherwise specified,,19,"Wastes from waste management facilities, off-site waste water treatment plants and the preparation of water intended for human consumption and water for industrial use",1905,wastes from aerobic treatment of solid wastes,
190603,19 06 03,19 06 03,false,AN,absolute non-hazardous,false,liquor from anaerobic treatment of municipal waste,,19,"Wastes from waste management facilities, off-site waste water treatment plants and the preparation of water intended for human consumption and water for industrial use",1906,wastes from anaerobic treatment of waste,
190604,19 06 04,19 06 04,false,AN,absolute non-hazardous,false,digestate from anaerobic treatment of municipal waste,,19,"Wastes from waste management facilities, off-site waste water treatment plants and the preparation of water intended for human consumption and water for industrial use",1906,wastes from anaerobic treatment of waste,
190605,19 06 05,19 06 05,false,AN,absolute non-hazardous,false,liquor from anaerobic treatment of animal and vegetable waste,,19,"Wastes from waste management facilities, off-site waste water treatment plants and the preparation of water intended for human consumption and water for industrial use",1906,wastes from anaerobic treatment of waste,
190606,19 06 06,19 06 06,false,AN,absolute non-hazardous,false,digestate from anaerobic treatment of animal and vegetable waste,,19,"Wastes from waste management facilities, off-site waste water treatment plants and the preparation of water intended for human consumption and water for industrial use",1906,wastes from anaerobic treatment of waste,
190699,19 06 99,19 06 99,false,AN,absolute non-hazardous,false,wastes not otherwise specified,,19,"Wastes from waste management facilities, off-site waste water treatment plants and the preparation of water intended for human consumption and water for industrial use",1906,wastes from anaerobic treatment of waste,
190702,19 07 02,19 07 02*,true,MH,mirror hazardous,true,landfill leachate containing hazardous substances,,19,"Wastes from waste management facilities, off-site waste water treatment plants and the preparation of water intended for human consumption and water for industrial use",1907,landfill leachate,190703
190703,19 07 03,19 07 03,false,MN,mirror non-hazardous,true,landfill leachate other than those mentioned in 19 07 02,,19,"Wastes from waste management facilities, off-site waste water treatment plants and the preparation of water intended for human consumption and water for industrial use",1907,landfill leachate,190702
190801,19 08 01,19 08 01,false,AN,absolute non-hazardous,false,Screenings,,19,"Wastes from waste management facilities, off-site waste water treatment plants and the preparation of water intended for human consumption and water for industrial use",1908,wastes from waste water treatment plants not otherwise specified,
190802,19 08 02,19 08 02,false,AN,absolute non-hazardous,false,waste from desanding,,19,"Wastes from waste management facilities, off-site waste water treatment plants and the preparation of water intended for human consumption and water for industrial use",1908,wastes from waste water treatment plants not otherwise specified,
190805,19 08 05,19 08 05,false,AN,absolute non-hazardous,false,sludges from treatment of urban waste water,,19,"Wastes from waste management facilities, off-site waste water treatment plants and the preparation of water intended for human consumption and water for industrial use",1908,wastes from waste water treatment plants not otherwise specified,
190806,19 08 06,19 08 06*,true,AH,absolute hazardous,false,saturated or spent ion exchange resins,,19,"Wastes from waste management facilities, off-site waste water treatment plants and the preparation of water intended for human consumption and water for industrial use",1908,wastes from waste water treatment plants not otherwise specified,
190807,19 08 07,19 08 07*,true,AH,absolute hazardous,false,solutions and sludges from regeneration of ion exchangers,,19,"Wastes from waste management facilities, off-site waste water treatment plants and the preparation of water intended for human consumption and water for industrial use",1908,wastes from waste water treatment plants not otherwise specified,
190808,19 08 08,19 08 08*,true,MH,mirror hazardous,true,membrane system waste containing heavy metals,,19,"Wastes from waste management facilities, off-site waste water treatment plants and the preparation of water intended for human consumption and water for industrial use",1908,wastes from waste water treatment plants not otherwise specified,
190809,19 08 09,19 08 09,false,AN,absolute non-hazardous,false,grease and oil mixture from oil/water separation containing only edible oil and fats,,19,"Wastes from waste management facilities, off-site waste water treatment plants and the preparation of water intended for human consumption and water for industrial use",1908,wastes from waste water treatment plants not otherwise specified,
190810,19 08 10,19 08 10*,true,AH,absolute hazardous,false,grease and oil mixture from oil/water separation other than those mentioned in 19 08 09,,19,"Wastes from waste management facilities, off-site waste water treatment plants and the preparation of water intended for human consumption and water for industrial use",1908,wastes from waste water treatment plants not otherwise specified,
190811,19 08 11,19 08 11*,true,MH,mirror hazardous,true,sludges containing hazardous substances from biological treatment of industrial waste water,,19,"Wastes from waste management facilities, off-site waste water treatment plants and the preparation of water intended for human consumption and water for industrial use",1908,wastes from waste water treatment plants not otherwise specified,190812
190812,19 08 12,19 08 12,false,MN,mirror non-hazardous,true,sludges from biological treatment of industrial waste water other than those mentioned in 19 08 11,,19,"Wastes from waste management facilities, off-site waste water treatment plants and the preparation of water intended for human consumption and water for industrial use",1908,wastes from waste water treatment plants not otherwise specified,190811
190813,19 08 13,19 08 13*,true,MH,mirror hazardous,true,sludges containing hazardous substances from other treatment of industrial waste water,,19,"Wastes from waste management facilities, off-site waste water treatment plants and the preparation of water intended for human consumption and water for industrial use",1908,wastes from waste water treatment plants not otherwise specified,190814
190814,19 08 14,19 08 14,false,MN,mirror non-hazardous,true,sludges from other treatment of industrial waste water other than those mentioned in 19 08 13,,19,"Wastes from waste management facilities, off-site waste water treatment plants and the preparation of water intended for human consumption and water for industrial use",1908,wastes from waste water treatment plants not otherwise specified,190813
190899,19 08 99,19 08 99,false,MN,mirror non-hazardous,true,wastes not otherwise specified,,19,"Wastes from waste management facilities, off-site waste water treatment plants and the preparation of water intended for human consumption and water for industrial use",1908,wastes from waste water treatment plants not otherwise specified,
190901,19 09 01,19 09 01,false,AN,absolute non-hazardous,false,solid waste from primary filtration and screenings,,19,"Wastes from waste management facilities, off-site waste water treatment plants and the preparation of water intended for human consumption and water for industrial use",1909,wastes from the preparation of water intended for human consumption or water for industrial use,
190902,19 09 02,19 09 02,false,AN,absolute non-hazardous,false,sludges from water clarification,,19,"Wastes from waste management facilities, off-site waste water treatment plants and the preparation of water intended for human consumption and water for industrial use",1909,wastes from the preparation of water intended for human consumption or water for industrial use,
190903,19 09 03,19 09 03,false,AN,absolute non-hazardous,false,sludges from decarbonation,,19,"Wastes from waste management facilities, off-site waste water treatment plants and the preparation of water intended for human consumption and water for industrial use",1909,wastes from the preparation of water intended for human consumption or water for industrial use,
190904,19 09 04,19 09 04,false,AN,absolute non-hazardous,false,spent activated carbon,,19,"Wastes from waste management facilities, off-site waste water treatment plants and the preparation of water intended for human consumption and water for industrial use",1909,wastes from the preparation of water intended for human consumption or water for industrial use,
190905,19 09 05,19 09 05,false,AN,absolute non-hazardous,false,saturated or spent ion exchange resins,,19,"Wastes from waste management facilities, off-site waste water treatment plants and the preparation of water intended for human consumption and water for industrial use",1909,wastes from the preparation of water intended for human consumption or water for industrial use,
190906,19 09 06,19 09 06,false,AN,absolute non-hazardous,false,solutions and sludges from regeneration of ion exchangers,,19,"Wastes from waste management facilities, off-site waste water treatment plants and the preparation of water intended for human consumption and water for industrial use",1909,wastes from the preparation of water intended for human consumption or water for industrial use,
190999,19 09 99,19 09 99,false,AN,absolute non-hazardous,false,wastes not otherwise specified,,19,"Wastes from waste management facilities, off-site waste water treatment plants and the preparation of water intended for human consumption and water for industrial use",1909,wastes from the preparation of water intended for human consumption or water for industrial use,
191001,19 10 01,19 10 01,false,AN,absolute non-hazardous,false,iron and steel waste,,19,"Wastes from waste management facilities, off-site waste water treatment plants and the preparation of water intended for human consumption and water for industrial use",1910,wastes from shredding of metal-containing wastes,
191002,19 10 02,19 10 02,false,AN,absolute non-hazardous,false,non-ferrous waste,,19,"Wastes from waste management facilities, off-site waste water treatment plants and the preparation of water intended for human consumption and water for industrial use",1910,wastes from shredding of metal-containing wastes,
191003,19 10 03,19 10 03*,true,MH,mirror hazardous,true,fluff-light fraction and dust containing hazardous substances,,19,"Wastes from waste management facilities, off-site waste water treatment plants and the preparation of water intended for human consumption and water for industrial use",1910,wastes from shredding of metal-containing wastes,191004
191004,19 10 04,19 10 04,false,MN,mirror non-hazardous,true,fluff-light fraction and dust other than those mentioned in 19 10 03,,19,"Wastes from waste management facilities, off-site waste water treatment plants and the preparation of water intended for human consumption and water for industrial use",1910,wastes from shredding of metal-containing wastes,191003
191005,19 10 05,19 10 05*,true,MH,mirror hazardous,true,other fractions containing hazardous substances,,19,"Wastes from waste management facilities, off-site waste water treatment plants and the preparation of water intended for human consumption and water for industrial use",1910,wastes from shredding of metal-containing wastes,191006
191006,19 10 06,19 10 06,false,MN,mirror non-hazardous,true,other fractions other than those mentioned in 19 10 05,,19,"Wastes from waste management facilities, off-site waste water treatment plants and the preparation of water intended for human consumption and water for industrial use",1910,wastes from shredding of metal-containing wastes,191005
191101,19 11 01,19 11 01*,true,AH,absolute hazardous,false,spent filter clays,,19,"Wastes from waste management facilities, off-site waste water treatment plants and the preparation of water intended for human consumption and water for industrial use",1911,wastes from oil regeneration,
191102,19 11 02,19 11 02*,true,AH,absolute hazardous,false,acid tars,,19,"Wastes from waste management facilities, off-site waste water treatment plants and the preparation of water intended for human consumption and water for industrial use",1911,wastes from oil regeneration,
191103,19 11 03,19 11 03*,true,AH,absolute hazardous,false,aqueous liquid wastes,,19,"Wastes from waste management facilities, off-site waste water treatment plants and the preparation of water intended for human consumption and water for industrial use",1911,wastes from oil regeneration,
191104,19 11 04,19 11 04*,true,AH,absolute hazardous,false,wastes from cleaning of fuel with bases,,19,"Wastes from waste management facilities, off-site waste water treatment plants and the preparation of water intended for human consumption and water for industrial use",1911,wastes from oil regeneration,
191105,19 11 05,19 11 05*,true,MH,mirror hazardous,true,sludges from on-site effluent treatment containing hazardous substances,,19,"Wastes from waste management facilities, off-site waste water treatment plants and the preparation of water intended for human consumption and water for industrial use",1911,wastes from oil regeneration,191106
191106,19 11 06,19 11 06,false,MN,mirror non-hazardous,true,sludges from on-site effluent treatment other than those mentioned in 19 11 05,,19,"Wastes from waste management facilities, off-site waste water treatment plants and the preparation of water intended for human consumption and water for industrial use",1911,wastes from oil regeneration,191105
191107,19 11 07,19 11 07*,true,AH,absolute hazardous,false,wastes from flue-gas cleaning,,19,"Wastes from waste management facilities, off-site waste water treatment plants and the preparation of water intended for human consumption and water for industrial use",1911,wastes from oil regeneration,
191199,19 11 99,19 11 99,false,AN,absolute non-hazardous,false,wastes not otherwise specified,,19,"Wastes from waste management facilities, off-site waste water treatment plants and the preparation of water intended for human consumption and water for industrial use",1911,wastes from oil regeneration,
191201,19 12 01,19 12 01,false,AN,absolute non-hazardous,false,paper and cardboard,,19,"Wastes from waste management facilities, off-site waste water treatment plants and the preparation of water intended for human consumption and water for industrial use",1912,"wastes from the mechanical treatment of waste (for example sorting, crushing, compacting, pelletising) not otherwise specified",
191202,19 12 02,19 12 02,false,AN,absolute non-hazardous,false,ferrous metal,,19,"Wastes from waste management facilities, off-site waste water treatment plants and the preparation of water intended for human consumption and water for industrial use",1912,"wastes from the mechanical treatment of waste (for example sorting, crushing, compacting, pelletising) not otherwise specified",
191203,19 12 03,19 12 03,false,AN,absolute non-hazardous,false,non-ferrous metal,,19,"Wastes from waste management facilities, off-site waste water treatment plants and the preparation of water intended for human consumption and water for industrial use",1912,"wastes from the mechanical treatment of waste (for example sorting, crushing, compacting, pelletising) not otherwise specified",
191204,19 12 04,19 12 04,false,AN,absolute non-hazardous,false,plastic and rubber,,19,"Wastes from waste management facilities, off-site waste water treatment plants and the preparation of water intended for human consumption and water for industrial use",1912,"wastes from the mechanical treatment of waste (for example sorting, crushing, compacting, pelletising) not otherwise specified",
191205,19 12 05,19 12 05,false,AN,absolute non-hazardous,false,Glass,,19,"Wastes from waste management facilities, off-site waste water treatment plants and the preparation of water intended for human consumption and water for industrial use",1912,"wastes from the mechanical treatment of waste (for example sorting, crushing, compacting, pelletising) not otherwise specified",
191206,19 12 06,19 12 06*,true,MH,mirror hazardous,true,wood containing hazardous substances,,19,"Wastes from waste management facilities, off-site waste water treatment plants and the preparation of water intended for human consumption and water for industrial use",1912,"wastes from the mechanical treatment of waste (for example sorting, crushing, compacting, pelletising) not otherwise specified",191207
191207,19 12 07,19 12 07,false,MN,mirror non-hazardous,true,wood other than that mentioned in 19 12 06,,19,"Wastes from waste management facilities, off-site waste water treatment plants and the preparation of water intended for human consumption and water for industrial use",1912,"wastes from the mechanical treatment of waste (for example sorting, crushing, compacting, pelletising) not otherwise specified",191206
191208,19 12 08,19 12 08,false,AN,absolute non-hazardous,false,Textiles,,19,"Wastes from waste management facilities, off-site waste water treatment plants and the preparation of water intended for human consumption and water for industrial use",1912,"wastes from the mechanical treatment of waste (for example sorting, crushing, compacting, pelletising) not otherwise specified",
191209,19 12 09,19 12 09,false,AN,absolute non-hazardous,false,"minerals (for example sand, stones)",,19,"Wastes from waste management facilities, off-site waste water treatment plants and the preparation of water intended for human consumption and water for industrial use",1912,"wastes from the mechanical treatment of waste (for example sorting, crushing, compacting, pelletising) not otherwise specified",
191210,19 12 10,19 12 10,false,AN,absolute non-hazardous,false,combustible waste (refuse derived fuel),,19,"Wastes from waste management facilities, off-site waste water treatment plants and the preparation of water intended for human consumption and water for industrial use",1912,"wastes from the mechanical treatment of waste (for example sorting, crushing, compacting, pelletising) not otherwise specified",
191211,19 12 11,19 12 11*,true,MH,mirror hazardous,true,other wastes (including mixtures of materials) from mechanical treatment of waste containing hazardous substances,,19,"Wastes from waste management facilities, off-site waste water treatment plants and the preparation of water intended for human consumption and water for industrial use",1912,"wastes from the mechanical treatment of waste (for example sorting, crushing, compacting, pelletising) not otherwise specified",191212
191212,19 12 12,19 12 12,false,MN,mirror non-hazardous,true,other wastes (including mixtures of materials) from mechanical treatment of wastes other than those mentioned in 19 12 11,,19,"Wastes from waste management facilities, off-site waste water treatment plants and the preparation of water intended for human consumption and water for industrial use",1912,"wastes from the mechanical treatment of waste (for example sorting, crushing, compacting, pelletising) not otherwise specified",191211
191301,19 13 01,19 13 01*,true,MH,mirror hazardous,true,solid wastes from soil remediation containing hazardous substances,,19,"Wastes from waste management facilities, off-site waste water treatment plants and the preparation of water intended for human consumption and water for industrial use",1913,wastes from soil and groundwater remediation,191302
191302,19 13 02,19 13 02,false,MN,mirror non-hazardous,true,solid wastes from soil remediation other than those mentioned in 19 13 01,,19,"Wastes from waste management facilities, off-site waste water treatment plants and the preparation of water intended for human consumption and water for industrial use",1913,wastes from soil and groundwater remediation,191301
191303,19 13 03,19 13 03*,true,MH,mirror hazardous,true,sludges from soil remediation containing hazardous substances,,19,"Wastes from waste management facilities, off-site waste water treatment plants and the preparation of water intended for human consumption and water for industrial use",1913,wastes from soil and groundwater remediation,191304
191304,19 13 04,19 13 04,false,MN,mirror non-hazardous,true,sludges from soil remediation other than those mentioned in 19 13 03,,19,"Wastes from waste management facilities, off-site waste water treatment plants and the preparation of water intended for human consumption and water for industrial use",1913,wastes from soil and groundwater remediation,191303
191305,19 13 05,19 13 05*,true,MH,mirror hazardous,true,sludges from groundwater remediation containing hazardous substances,,19,"Wastes from waste management facilities, off-site waste water treatment plants and the preparation of water intended for human consumption and water for industrial use",1913,wastes from soil and groundwater remediation,191306
191306,19 13 06,19 13 06,false,MN,mirror non-hazardous,true,sludges from groundwater remediation other than those mentioned in 19 13 05,,19,"Wastes from waste management facilities, off-site waste water treatment plants and the preparation of water intended for human consumption and water for industrial use",1913,wastes from soil and groundwater remediation,191305
191307,19 13 07,19 13 07*,true,MH,mirror hazardous,true,aqueous liquid wastes and aqueous concentrates from groundwater remediation containing hazardous substances,,19,"Wastes from waste management facilities, off-site waste water treatment plants and the preparation of water intended for human consumption and water for industrial use",1913,wastes from soil and groundwater remediation,191308
191308,19 13 08,19 13 08,false,MN,mirror non-hazardous,true,aqueous liquid wastes and aqueous concentrates from groundwater remediation other than those mentioned in 19 13 07,,19,"Wastes from waste management facilities, off-site waste water treatment plants and the preparation of water intended for human consumption and water for industrial use",1913,wastes from soil and groundwater remediation,191307
200101,20 01 01,20 01 01,false,AN,absolute non-hazardous,false,paper and cardboard,,20,"Municipal wastes (household waste and similar commercial, industrial and institutional wastes) including separately collected fractions",2001,separately collected fractions (except 15 01),
200102,20 01 02,20 01 02,false,AN,absolute non-hazardous,false,Glass,,20,"Municipal wastes (household waste and similar commercial, industrial and institutional wastes) including separately collected fractions",2001,separately collected fractions (except 15 01),
200108,20 01 08,20 01 08,false,AN,absolute non-hazardous,false,biodegradable kitchen and canteen waste,,20,"Municipal wastes (household waste and similar commercial, industrial and institutional wastes) including separately collected fractions",2001,separately collected fractions (except 15 01),
200110,20 01 10,20 01 10,false,AN,absolute non-hazardous,false,Clothes,,20,"Municipal wastes (household waste and similar commercial, industrial and institutional wastes) including separately collected fractions",2001,separately collected fractions (except 15 01),
200111,20 01 11,20 01 11,false,AN,absolute non-hazardous,false,Textiles,,20,"Municipal wastes (household waste and similar commercial, industrial and institutional wastes) including separately collected fractions",2001,separately collected fractions (except 15 01),
200113,20 01 13,20 01 13*,true,AH,absolute hazardous,false,Solvents,,20,"Municipal wastes (household waste and similar commercial, industrial and institutional wastes) including separately collected fractions",2001,separately collected fractions (except 15 01),
200114,20 01 14,20 01 14*,true,AH,absolute hazardous,false,Acids,,20,"Municipal wastes (household waste and similar commercial, industrial and institutional wastes) including separately collected fractions",2001,separately collected fractions (except 15 01),
200115,20 01 15,20 01 15*,true,AH,absolute hazardous,false,Alkalines,,20,"Municipal wastes (household waste and similar commercial, industrial and institutional wastes) including separately collected fractions",2001,separately collected fractions (except 15 01),
200117,20 01 17,20 01 17*,true,AH,absolute hazardous,false,Photochemicals,,20,"Municipal wastes (household waste and similar commercial, industrial and institutional wastes) including separately collected fractions",2001,separately collected fractions (except 15 01),
200119,20 01 19,20 01 19*,true,AH,absolute hazardous,false,Pesticides,,20,"Municipal wastes (household waste and similar commercial, industrial and institutional wastes) including separately collected fractions",2001,separately collected fractions (except 15 01),
200121,20 01 21,20 01 21*,true,AH,absolute hazardous,false,fluorescent tubes and other mercury-containing waste,,20,"Municipal wastes (household waste and similar commercial, industrial and institutional wastes) including separately collected fractions",2001,separately collected fractions (except 15 01),
200123,20 01 23,20 01 23*,true,AH,absolute hazardous,false,discarded equipment containing chlorofluorocarbons,,20,"Municipal wastes (household waste and similar commercial, industrial and institutional wastes) including separately collected fractions",2001,separately collected fractions (except 15 01),
200125,20 01 25,20 01 25,false,AN,absolute non-hazardous,false,edible oil and fat,,20,"Municipal wastes (household waste and similar commercial, industrial and institutional wastes) including separately collected fractions",2001,separately collected fractions (except 15 01),
200126,20 01 26,20 01 26*,true,AH,absolute hazardous,false,oil and fat other than those mentioned in 20 01 25,,20,"Municipal wastes (household waste and similar commercial, industrial and institutional wastes) including separately collected fractions",2001,separately collected fractions (except 15 01),
200127,20 01 27,20 01 27*,true,MH,mirror hazardous,true,"paint, inks, adhesives and resins containing hazardous substances",,20,"Municipal wastes (household waste and similar commercial, industrial and institutional wastes) including separately collected fractions",2001,separately collected fractions (except 15 01),200128
200128,20 01 28,20 01 28,false,MN,mirror non-hazardous,true,"paint, inks, adhesives and resins other than those mentioned in 20 01 27",,20,"Municipal wastes (household waste and similar commercial, industrial and institutional wastes) including separately collected fractions",2001,separately collected fractions (except 15 01),200127
200129,20 01 29,20 01 29*,true,MH,mirror hazardous,true,detergents containing hazardous substances,,20,"Municipal wastes (household waste and similar commercial, industrial and institutional wastes) including separately collected fractions",2001,separately collected fractions (except 15 01),200130
200130,20 01 30,20 01 30,false,MN,mirror non-hazardous,true,detergents other than those mentioned in 20 01 29,,20,"Municipal wastes (household waste and similar commercial, industrial and institutional wastes) including separately collected fractions",2001,separately collected fractions (except 15 01),200129
200131,20 01 31,20 01 31*,true,AH,absolute hazardous,false,cytotoxic and cytostatic medicines,,20,"Municipal wastes (household waste and similar commercial, industrial and institutional wastes) including separately collected fractions",2001,separately collected fractions (except 15 01),
200132,20 01 32,20 01 32,false,AN,absolute non-hazardous,false,medicines other than those mentioned in 20 01 31,,20,"Municipal wastes (household waste and similar commercial, industrial and institutional wastes) including separately collected fractions",2001,separately collected fractions (except 15 01),
200133,20 01 33,20 01 33*,true,AH,absolute hazardous,false,"batteries and accumulators included in 16 06 01, 16 06 02 or 16 06 03 and unsorted batteries and accumulators containing these batteries",,20,"Municipal wastes (household waste and similar commercial, industrial and institutional wastes) including separately collected fractions",2001,separately collected fractions (except 15 01),
200134,20 01 34,20 01 34,false,AN,absolute non-hazardous,false,batteries and accumulators other than those mentioned in 20 01 33,,20,"Municipal wastes (household waste and similar commercial, industrial and institutional wastes) including separately collected fractions",2001,separately collected fractions (except 15 01),
200135,20 01 35,20 01 35*,true,AH,absolute hazardous,false,discarded electrical and electronic equipment other than those mentioned in 20 01 21 and 20 01 23 containing hazardous components,"Hazardous components from electrical and electronic equipment may include accumulators and batteries mentioned in 16 06 and marked as hazardous; mercury switches, glass from cathode ray tubes and other activated glass, etc.",20,"Municipal wastes (household waste and similar commercial, industrial and institutional wastes) including separately collected fractions",2001,separately collected fractions (except 15 01),
200136,20 01 36,20 01 36,false,AN,absolute non-hazardous,false,"discarded electrical and electronic equipment other than those mentioned in 20 01 21, 20 01 23 and 20 01 35",,20,"Municipal wastes (household waste and similar commercial, industrial and institutional wastes) including separately collected fractions",2001,separately collected fractions (except 15 01),
200137,20 01 37,20 01 37*,true,MH,mirror hazardous,true,wood containing hazardous substances,,20,"Municipal wastes (household waste and similar commercial, industrial and institutional wastes) including separately collected fractions",2001,separately collected fractions (except 15 01),200138
200138,20 01 38,20 01 38,false,MN,mirror non-hazardous,true,wood other than that mentioned in 20 01 37,,20,"Municipal wastes (household waste and similar commercial, industrial and institutional wastes) including separately collected fractions",2001,separately collected fractions (except 15 01),200137
200139,20 01 39,20 01 39,false,AN,absolute non-hazardous,false,Plastics,,20,"Municipal wastes (household waste and similar commercial, industrial and institutional wastes) including separately collected fractions",2001,separately collected fractions (except 15 01),
200140,20 01 40,20 01 40,false,AN,absolute non-hazardous,false,Metals,,20,"Municipal wastes (household waste and similar commercial, industrial and institutional wastes) including separately collected fractions",2001,separately collected fractions (except 15 01),
200141,20 01 41,20 01 41,false,AN,absolute non-hazardous,false,wastes from chimney sweeping,,20,"Municipal wastes (household waste and similar commercial, industrial and institutional wastes) including separately collected fractions",2001,separately collected fractions (except 15 01),
200199,20 01 99,20 01 99,false,AN,absolute non-hazardous,false,other fractions not otherwise specified,,20,"Municipal wastes (household waste and similar commercial, industrial and institutional wastes) including separately collected fractions",2001,separately collected fractions (except 15 01),
200201,20 02 01,20 02 01,false,AN,absolute non-hazardous,false,biodegradable waste,,20,"Municipal wastes (household waste and similar commercial, industrial and institutional wastes) including separately collected fractions",2002,garden and park wastes (including cemetery waste),
200202,20 02 02,20 02 02,false,AN,absolute non-hazardous,false,soil and stones,,20,"Municipal wastes (household waste and similar commercial, industrial and institutional wastes) including separately collected fractions",2002,garden and park wastes (including cemetery waste),
200203,20 02 03,20 02 03,false,AN,absolute non-hazardous,false,other non-biodegradable wastes,,20,"Municipal wastes (household waste and similar commercial, industrial and institutional wastes) including separately collected fractions",2002,garden and park wastes (including cemetery waste),
200301,20 03 01,20 03 01,false,AN,absolute non-hazardous,false,mixed municipal waste,,20,"Municipal wastes (household waste and similar commercial, industrial and institutional wastes) including separately collected fractions",2003,other municipal wastes,
200302,20 03 02,20 03 02,false,AN,absolute non-hazardous,false,waste from markets,,20,"Municipal wastes (household waste and similar commercial, industrial and institutional wastes) including separately collected fractions",2003,other municipal wastes,
200303,20 03 03,20 03 03,false,AN,absolute non-hazardous,false,street-cleaning residues,,20,"Municipal wastes (household waste and similar commercial, industrial and institutional wastes) including separately collected fractions",2003,other municipal wastes,
200304,20 03 04,20 03 04,false,AN,absolute non-hazardous,false,septic tank sludge,,20,"Municipal wastes (household waste and similar commercial, industrial and institutional wastes) including separately collected fractions",2003,other municipal wastes,
200306,20 03 06,20 03 06,false,AN,absolute non-hazardous,false,waste from sewage cleaning,,20,"Municipal wastes (household waste and similar commercial, industrial and institutional wastes) including separately collected fractions",2003,other municipal wastes,
200307,20 03 07,20 03 07,false,AN,absolute non-hazardous,false,bulky waste,,20,"Municipal wastes (household waste and similar commercial, industrial and institutional wastes) including separately collected fractions",2003,other municipal wastes,
200399,20 03 99,20 03 99,false,AN,absolute non-hazardous,false,municipal wastes not otherwise specified,,20,"Municipal wastes (household waste and similar commercial, industrial and institutional wastes) including separately collected fractions",2003,other municipal wastes,
